-- phpMyAdmin SQL Dump
-- version 5.2.1
-- https://www.phpmyadmin.net/
--
-- Gép: 127.0.0.1
-- Létrehozás ideje: 2026. Már 09. 15:25
-- Kiszolgáló verziója: 10.4.32-MariaDB
-- PHP verzió: 8.2.12

SET SQL_MODE = "NO_AUTO_VALUE_ON_ZERO";
START TRANSACTION;
SET time_zone = "+00:00";


/*!40101 SET @OLD_CHARACTER_SET_CLIENT=@@CHARACTER_SET_CLIENT */;
/*!40101 SET @OLD_CHARACTER_SET_RESULTS=@@CHARACTER_SET_RESULTS */;
/*!40101 SET @OLD_COLLATION_CONNECTION=@@COLLATION_CONNECTION */;
/*!40101 SET NAMES utf8mb4 */;

--
-- Adatbázis: `motoland`
--
CREATE DATABASE IF NOT EXISTS `motoland` DEFAULT CHARACTER SET utf8mb4 COLLATE utf8mb4_hungarian_ci;
USE `motoland`;

-- --------------------------------------------------------

--
-- Tábla szerkezet ehhez a táblához `booking_mstr`
--

CREATE TABLE `booking_mstr` (
  `BookingID_MSTR` int(11) NOT NULL,
  `BookingDateTime_MSTR` datetime NOT NULL,
  `BookingNote_MSTR` varchar(500) NOT NULL,
  `BookingUserID_MSTR` int(11) NOT NULL,
  `BookingMotoRegNumber_MSTR` varchar(20) NOT NULL,
  `BookingMotoManID_MSTR` int(11) NOT NULL,
  `BookingMotoTypeID_MSTR` int(11) NOT NULL,
  `BookingMotoYear_MSTR` int(11) NOT NULL,
  `BookingCheckList_MSTR` text NOT NULL,
  `BookingMechanicCheckList_MSTR` text NOT NULL,
  `BookingWorkStatusID_MSTR` int(11) NOT NULL,
  `BookingWorkBegin_MSTR` datetime NOT NULL,
  `BookingWorkEnd_MSTR` datetime NOT NULL,
  `BookingWorkHours_MSTR` double(8,2) NOT NULL,
  `BookingWorkCost_MSTR` double(10,2) NOT NULL,
  `BookingLastModifiedDate_MSTR` datetime NOT NULL DEFAULT current_timestamp(),
  `BookingRegDateTime_MSTR` datetime NOT NULL DEFAULT current_timestamp()
) ENGINE=InnoDB DEFAULT CHARSET=utf8mb4 COLLATE=utf8mb4_hungarian_ci;

--
-- A tábla adatainak kiíratása `booking_mstr`
--

INSERT INTO `booking_mstr` (`BookingID_MSTR`, `BookingDateTime_MSTR`, `BookingNote_MSTR`, `BookingUserID_MSTR`, `BookingMotoRegNumber_MSTR`, `BookingMotoManID_MSTR`, `BookingMotoTypeID_MSTR`, `BookingMotoYear_MSTR`, `BookingCheckList_MSTR`, `BookingMechanicCheckList_MSTR`, `BookingWorkStatusID_MSTR`, `BookingWorkBegin_MSTR`, `BookingWorkEnd_MSTR`, `BookingWorkHours_MSTR`, `BookingWorkCost_MSTR`, `BookingLastModifiedDate_MSTR`, `BookingRegDateTime_MSTR`) VALUES
(42, '2026-06-04 12:00:00', 'csak ukrán fékolajunk van, enyhén radioaktiv', 73, 'XXXXXX', 43, 1, 2008, '- olajcsere\n- levegőszűrő csere\n- olajszűrő csere\n- fékolaj csere', '- olajcsere\n- szűrők cseréje\n- fékbetét csere', 1, '2026-06-04 12:00:00', '2026-06-04 13:00:00', 1.00, 6780.00, '2026-02-25 13:24:25', '2026-02-25 13:24:25'),
(43, '2026-10-05 13:30:00', '', 74, 'IKS500', 43, 1, 2008, 'Lengéscsillapító beállítás', '', 1, '2026-10-05 13:30:00', '2026-10-05 16:30:00', 3.00, 20340.00, '2026-02-28 10:47:06', '2026-02-28 10:47:06'),
(44, '2026-10-07 12:00:00', '', 74, 'WAT100', 37, 30, 1970, 'olajcsere', '', 1, '2026-10-07 12:00:00', '2026-10-07 13:00:00', 0.00, 0.00, '2026-02-28 10:49:13', '2026-02-28 10:49:13'),
(45, '2026-10-09 12:00:00', '', 73, 'ABA123', 43, 3, 1985, 'semmi baj, csak tél van', '', 0, '2026-10-09 12:00:00', '2026-10-09 13:00:00', 0.00, 0.00, '2026-02-28 10:57:58', '2026-02-28 10:57:58');

-- --------------------------------------------------------

--
-- Tábla szerkezet ehhez a táblához `cities_mstr`
--

CREATE TABLE `cities_mstr` (
  `CitiesID_MSTR` bigint(20) NOT NULL,
  `CitiesCity_MSTR` varchar(40) NOT NULL,
  `CitiesCounty_MSTR` varchar(50) NOT NULL
) ENGINE=InnoDB DEFAULT CHARSET=utf8mb4 COLLATE=utf8mb4_hungarian_ci;

--
-- A tábla adatainak kiíratása `cities_mstr`
--

INSERT INTO `cities_mstr` (`CitiesID_MSTR`, `CitiesCity_MSTR`, `CitiesCounty_MSTR`) VALUES
(6305, 'Aba', 'Fejér megye'),
(6306, 'Abádszalók', 'Jász-Nagykun-Szolnok megye'),
(6307, 'Abaliget', 'Baranya megye'),
(6308, 'Abasár', 'Heves megye'),
(6309, 'Abaújalpár', 'Borsod-Abaúj-Zemplén megye'),
(6310, 'Abaújkér', 'Borsod-Abaúj-Zemplén megye'),
(6311, 'Abaújlak', 'Borsod-Abaúj-Zemplén megye'),
(6312, 'Abaújszántó', 'Borsod-Abaúj-Zemplén megye'),
(6313, 'Abaújszolnok', 'Borsod-Abaúj-Zemplén megye'),
(6314, 'Abaújvár', 'Borsod-Abaúj-Zemplén megye'),
(6315, 'Abda', 'Győr-Moson-Sopron megye'),
(6316, 'Abod', 'Borsod-Abaúj-Zemplén megye'),
(6317, 'Abony', 'Pest megye'),
(6318, 'Acsa', 'Pest megye'),
(6319, 'Acsád', 'Vas megye'),
(6320, 'Acsalag', 'Győr-Moson-Sopron megye'),
(6321, 'Adács', 'Heves megye'),
(6322, 'Adásztevel', 'Veszprém megye'),
(6323, 'Adony', 'Fejér megye'),
(6324, 'Adorjánháza', 'Veszprém megye'),
(6325, 'Adorjás', 'Baranya megye'),
(6326, 'Aggtelek', 'Borsod-Abaúj-Zemplén megye'),
(6327, 'Agyagosszergény', 'Győr-Moson-Sopron megye'),
(6328, 'Ajak', 'Szabolcs-Szatmár-Bereg megye'),
(6329, 'Ajka', 'Veszprém megye'),
(6330, 'Aka', 'Komárom-Esztergom megye'),
(6331, 'Akasztó', 'Bács-Kiskun megye'),
(6332, 'Alacska', 'Borsod-Abaúj-Zemplén megye'),
(6333, 'Alap', 'Fejér megye'),
(6334, 'Alattyán', 'Jász-Nagykun-Szolnok megye'),
(6335, 'Albertirsa', 'Pest megye'),
(6336, 'Alcsútdoboz', 'Fejér megye'),
(6337, 'Aldebrő', 'Heves megye'),
(6338, 'Algyő', 'Csongrád megye'),
(6339, 'Alibánfa', 'Zala megye'),
(6340, 'Almamellék', 'Baranya megye'),
(6341, 'Almásfüzitő', 'Komárom-Esztergom megye'),
(6342, 'Almásháza', 'Zala megye'),
(6343, 'Almáskamarás', 'Békés megye'),
(6344, 'Almáskeresztúr', 'Baranya megye'),
(6345, 'Alsóberecki', 'Borsod-Abaúj-Zemplén megye'),
(6346, 'Alsóbogát', 'Somogy megye'),
(6347, 'Alsódobsza', 'Borsod-Abaúj-Zemplén megye'),
(6348, 'Alsógagy', 'Borsod-Abaúj-Zemplén megye'),
(6349, 'Alsómocsolád', 'Baranya megye'),
(6350, 'Alsónána', 'Tolna megye'),
(6351, 'Alsónémedi', 'Pest megye'),
(6352, 'Alsónemesapáti', 'Zala megye'),
(6353, 'Alsónyék', 'Tolna megye'),
(6354, 'Alsóörs', 'Veszprém megye'),
(6355, 'Alsópáhok', 'Zala megye'),
(6356, 'Alsópetény', 'Nógrád megye'),
(6357, 'Alsórajk', 'Zala megye'),
(6358, 'Alsóregmec', 'Borsod-Abaúj-Zemplén megye'),
(6359, 'Alsószenterzsébet', 'Zala megye'),
(6360, 'Alsószentiván', 'Fejér megye'),
(6361, 'Alsószentmárton', 'Baranya megye'),
(6362, 'Alsószölnök', 'Vas megye'),
(6363, 'Alsószuha', 'Borsod-Abaúj-Zemplén megye'),
(6364, 'Alsótelekes', 'Borsod-Abaúj-Zemplén megye'),
(6365, 'Alsótold', 'Nógrád megye'),
(6366, 'Alsóújlak', 'Vas megye'),
(6367, 'Alsóvadász', 'Borsod-Abaúj-Zemplén megye'),
(6368, 'Alsózsolca', 'Borsod-Abaúj-Zemplén megye'),
(6369, 'Ambrózfalva', 'Csongrád megye'),
(6370, 'Anarcs', 'Szabolcs-Szatmár-Bereg megye'),
(6371, 'Andocs', 'Somogy megye'),
(6372, 'Andornaktálya', 'Heves megye'),
(6373, 'Andrásfa', 'Vas megye'),
(6374, 'Annavölgy', 'Komárom-Esztergom megye'),
(6375, 'Apácatorna', 'Veszprém megye'),
(6376, 'Apagy', 'Szabolcs-Szatmár-Bereg megye'),
(6377, 'Apaj', 'Pest megye'),
(6378, 'Aparhant', 'Tolna megye'),
(6379, 'Apátfalva', 'Csongrád megye'),
(6380, 'Apátistvánfalva', 'Vas megye'),
(6381, 'Apátvarasd', 'Baranya megye'),
(6382, 'Apc', 'Heves megye'),
(6383, 'Apostag', 'Bács-Kiskun megye'),
(6384, 'Aranyosapáti', 'Szabolcs-Szatmár-Bereg megye'),
(6385, 'Aranyosgadány', 'Baranya megye'),
(6386, 'Arka', 'Borsod-Abaúj-Zemplén megye'),
(6387, 'Arló', 'Borsod-Abaúj-Zemplén megye'),
(6388, 'Arnót', 'Borsod-Abaúj-Zemplén megye'),
(6389, 'Aszaló', 'Borsod-Abaúj-Zemplén megye'),
(6390, 'Aszód', 'Pest megye'),
(6391, 'Aszófő', 'Veszprém megye'),
(6392, 'Atkár', 'Heves megye'),
(6393, 'Attala', 'Tolna megye'),
(6394, 'Ábrahámhegy', 'Veszprém megye'),
(6395, 'Ács', 'Komárom-Esztergom megye'),
(6396, 'Ácsteszér', 'Komárom-Esztergom megye'),
(6397, 'Ádánd', 'Somogy megye'),
(6398, 'Ág', 'Baranya megye'),
(6399, 'Ágasegyháza', 'Bács-Kiskun megye'),
(6400, 'Ágfalva', 'Győr-Moson-Sopron megye'),
(6401, 'Álmosd', 'Hajdú-Bihar megye'),
(6402, 'Áporka', 'Pest megye'),
(6403, 'Ároktő', 'Borsod-Abaúj-Zemplén megye'),
(6404, 'Árpádhalom', 'Csongrád megye'),
(6405, 'Árpás', 'Győr-Moson-Sopron megye'),
(6406, 'Ártánd', 'Hajdú-Bihar megye'),
(6407, 'Ásotthalom', 'Csongrád megye'),
(6408, 'Ásványráró', 'Győr-Moson-Sopron megye'),
(6409, 'Ászár', 'Komárom-Esztergom megye'),
(6410, 'Áta', 'Baranya megye'),
(6411, 'Átány', 'Heves megye'),
(6412, 'Babarc', 'Baranya megye'),
(6413, 'Babarcszőlős', 'Baranya megye'),
(6414, 'Babócsa', 'Somogy megye'),
(6415, 'Bábolna', 'Komárom-Esztergom megye'),
(6416, 'Bábonymegyer', 'Somogy megye'),
(6417, 'Babosdöbréte', 'Zala megye'),
(6418, 'Babót', 'Győr-Moson-Sopron megye'),
(6419, 'Bácsalmás', 'Bács-Kiskun megye'),
(6420, 'Bácsbokod', 'Bács-Kiskun megye'),
(6421, 'Bácsborsód', 'Bács-Kiskun megye'),
(6422, 'Bácsszentgyörgy', 'Bács-Kiskun megye'),
(6423, 'Bácsszőlős', 'Bács-Kiskun megye'),
(6424, 'Badacsonytomaj', 'Veszprém megye'),
(6425, 'Badacsonytördemic', 'Veszprém megye'),
(6426, 'Bag', 'Pest megye'),
(6427, 'Bagamér', 'Hajdú-Bihar megye'),
(6428, 'Baglad', 'Zala megye'),
(6429, 'Bagod', 'Zala megye'),
(6430, 'Bágyogszovát', 'Győr-Moson-Sopron megye'),
(6431, 'Baj', 'Komárom-Esztergom megye'),
(6432, 'Baja', 'Bács-Kiskun megye'),
(6433, 'Bajánsenye', 'Vas megye'),
(6434, 'Bajna', 'Komárom-Esztergom megye'),
(6435, 'Bajót', 'Komárom-Esztergom megye'),
(6436, 'Bak', 'Zala megye'),
(6437, 'Bakháza', 'Somogy megye'),
(6438, 'Bakóca', 'Baranya megye'),
(6439, 'Bakonszeg', 'Hajdú-Bihar megye'),
(6440, 'Bakonya', 'Baranya megye'),
(6441, 'Bakonybánk', 'Komárom-Esztergom megye'),
(6442, 'Bakonybél', 'Veszprém megye'),
(6443, 'Bakonycsernye', 'Fejér megye'),
(6444, 'Bakonygyirót', 'Győr-Moson-Sopron megye'),
(6445, 'Bakonyjákó', 'Veszprém megye'),
(6446, 'Bakonykoppány', 'Veszprém megye'),
(6447, 'Bakonykúti', 'Fejér megye'),
(6448, 'Bakonynána', 'Veszprém megye'),
(6449, 'Bakonyoszlop', 'Veszprém megye'),
(6450, 'Bakonypéterd', 'Győr-Moson-Sopron megye'),
(6451, 'Bakonypölöske', 'Veszprém megye'),
(6452, 'Bakonyság', 'Veszprém megye'),
(6453, 'Bakonysárkány', 'Komárom-Esztergom megye'),
(6454, 'Bakonyszentiván', 'Veszprém megye'),
(6455, 'Bakonyszentkirály', 'Veszprém megye'),
(6456, 'Bakonyszentlászló', 'Győr-Moson-Sopron megye'),
(6457, 'Bakonyszombathely', 'Komárom-Esztergom megye'),
(6458, 'Bakonyszücs', 'Veszprém megye'),
(6459, 'Bakonytamási', 'Veszprém megye'),
(6460, 'Baks', 'Csongrád megye'),
(6461, 'Baksa', 'Baranya megye'),
(6462, 'Baktakék', 'Borsod-Abaúj-Zemplén megye'),
(6463, 'Baktalórántháza', 'Szabolcs-Szatmár-Bereg megye'),
(6464, 'Baktüttös', 'Zala megye'),
(6465, 'Balajt', 'Borsod-Abaúj-Zemplén megye'),
(6466, 'Balassagyarmat', 'Nógrád megye'),
(6467, 'Balástya', 'Csongrád megye'),
(6468, 'Balaton', 'Heves megye'),
(6469, 'Balatonakali', 'Veszprém megye'),
(6470, 'Balatonalmádi', 'Veszprém megye'),
(6471, 'Balatonberény', 'Somogy megye'),
(6472, 'Balatonboglár', 'Somogy megye'),
(6473, 'Balatoncsicsó', 'Veszprém megye'),
(6474, 'Balatonederics', 'Veszprém megye'),
(6475, 'Balatonendréd', 'Somogy megye'),
(6476, 'Balatonfenyves', 'Somogy megye'),
(6477, 'Balatonfőkajár', 'Veszprém megye'),
(6478, 'Balatonföldvár', 'Somogy megye'),
(6479, 'Balatonfüred', 'Veszprém megye'),
(6480, 'Balatonfűzfő', 'Veszprém megye'),
(6481, 'Balatongyörök', 'Zala megye'),
(6482, 'Balatonhenye', 'Veszprém megye'),
(6483, 'Balatonkenese', 'Veszprém megye'),
(6484, 'Balatonkeresztúr', 'Somogy megye'),
(6485, 'Balatonlelle', 'Somogy megye'),
(6486, 'Balatonmagyaród', 'Zala megye'),
(6487, 'Balatonmáriafürdő', 'Somogy megye'),
(6488, 'Balatonőszöd', 'Somogy megye'),
(6489, 'Balatonrendes', 'Veszprém megye'),
(6490, 'Balatonszabadi', 'Somogy megye'),
(6491, 'Balatonszárszó', 'Somogy megye'),
(6492, 'Balatonszemes', 'Somogy megye'),
(6493, 'Balatonszentgyörgy', 'Somogy megye'),
(6494, 'Balatonszepezd', 'Veszprém megye'),
(6495, 'Balatonszőlős', 'Veszprém megye'),
(6496, 'Balatonudvari', 'Veszprém megye'),
(6497, 'Balatonújlak', 'Somogy megye'),
(6498, 'Balatonvilágos', 'Veszprém megye'),
(6499, 'Balinka', 'Fejér megye'),
(6500, 'Balkány', 'Szabolcs-Szatmár-Bereg megye'),
(6501, 'Ballószög', 'Bács-Kiskun megye'),
(6502, 'Balmazújváros', 'Hajdú-Bihar megye'),
(6503, 'Balogunyom', 'Vas megye'),
(6504, 'Balotaszállás', 'Bács-Kiskun megye'),
(6505, 'Balsa', 'Szabolcs-Szatmár-Bereg megye'),
(6506, 'Bálványos', 'Somogy megye'),
(6507, 'Bana', 'Komárom-Esztergom megye'),
(6508, 'Bánd', 'Veszprém megye'),
(6509, 'Bánfa', 'Baranya megye'),
(6510, 'Bánhorváti', 'Borsod-Abaúj-Zemplén megye'),
(6511, 'Bánk', 'Nógrád megye'),
(6512, 'Bánokszentgyörgy', 'Zala megye'),
(6513, 'Bánréve', 'Borsod-Abaúj-Zemplén megye'),
(6514, 'Bár', 'Baranya megye'),
(6515, 'Barabás', 'Szabolcs-Szatmár-Bereg megye'),
(6516, 'Baracs', 'Fejér megye'),
(6517, 'Baracska', 'Fejér megye'),
(6518, 'Báránd', 'Hajdú-Bihar megye'),
(6519, 'Baranyahídvég', 'Baranya megye'),
(6520, 'Baranyajenő', 'Baranya megye'),
(6521, 'Baranyaszentgyörgy', 'Baranya megye'),
(6522, 'Barbacs', 'Győr-Moson-Sopron megye'),
(6523, 'Barcs', 'Somogy megye'),
(6524, 'Bárdudvarnok', 'Somogy megye'),
(6525, 'Barlahida', 'Zala megye'),
(6526, 'Bárna', 'Nógrád megye'),
(6527, 'Barnag', 'Veszprém megye'),
(6528, 'Bársonyos', 'Komárom-Esztergom megye'),
(6529, 'Basal', 'Baranya megye'),
(6530, 'Baskó', 'Borsod-Abaúj-Zemplén megye'),
(6531, 'Báta', 'Tolna megye'),
(6532, 'Bátaapáti', 'Tolna megye'),
(6533, 'Bátaszék', 'Tolna megye'),
(6534, 'Baté', 'Somogy megye'),
(6535, 'Bátmonostor', 'Bács-Kiskun megye'),
(6536, 'Bátonyterenye', 'Nógrád megye'),
(6537, 'Bátor', 'Heves megye'),
(6538, 'Bátorliget', 'Szabolcs-Szatmár-Bereg megye'),
(6539, 'Battonya', 'Békés megye'),
(6540, 'Bátya', 'Bács-Kiskun megye'),
(6541, 'Batyk', 'Zala megye'),
(6542, 'Bázakerettye', 'Zala megye'),
(6543, 'Bazsi', 'Veszprém megye'),
(6544, 'Béb', 'Veszprém megye'),
(6545, 'Becsehely', 'Zala megye'),
(6546, 'Becske', 'Nógrád megye'),
(6547, 'Becskeháza', 'Borsod-Abaúj-Zemplén megye'),
(6548, 'Becsvölgye', 'Zala megye'),
(6549, 'Bedegkér', 'Somogy megye'),
(6550, 'Bedő', 'Hajdú-Bihar megye'),
(6551, 'Bejcgyertyános', 'Vas megye'),
(6552, 'Békás', 'Veszprém megye'),
(6553, 'Bekecs', 'Borsod-Abaúj-Zemplén megye'),
(6554, 'Békés', 'Békés megye'),
(6555, 'Békéscsaba', 'Békés megye'),
(6556, 'Békéssámson', 'Békés megye'),
(6557, 'Békésszentandrás', 'Békés megye'),
(6558, 'Bekölce', 'Heves megye'),
(6559, 'Bélapátfalva', 'Heves megye'),
(6560, 'Bélavár', 'Somogy megye'),
(6561, 'Belecska', 'Tolna megye'),
(6562, 'Beled', 'Győr-Moson-Sopron megye'),
(6563, 'Beleg', 'Somogy megye'),
(6564, 'Belezna', 'Zala megye'),
(6565, 'Bélmegyer', 'Békés megye'),
(6566, 'Beloiannisz', 'Fejér megye'),
(6567, 'Belsősárd', 'Zala megye'),
(6568, 'Belvárdgyula', 'Baranya megye'),
(6569, 'Benk', 'Szabolcs-Szatmár-Bereg megye'),
(6570, 'Bénye', 'Pest megye'),
(6571, 'Bér', 'Nógrád megye'),
(6572, 'Bérbaltavár', 'Vas megye'),
(6573, 'Bercel', 'Nógrád megye'),
(6574, 'Beregdaróc', 'Szabolcs-Szatmár-Bereg megye'),
(6575, 'Beregsurány', 'Szabolcs-Szatmár-Bereg megye'),
(6576, 'Berekböszörmény', 'Hajdú-Bihar megye'),
(6577, 'Berekfürdő', 'Jász-Nagykun-Szolnok megye'),
(6578, 'Beremend', 'Baranya megye'),
(6579, 'Berente', 'Borsod-Abaúj-Zemplén megye'),
(6580, 'Beret', 'Borsod-Abaúj-Zemplén megye'),
(6581, 'Berettyóújfalu', 'Hajdú-Bihar megye'),
(6582, 'Berhida', 'Veszprém megye'),
(6583, 'Berkenye', 'Nógrád megye'),
(6584, 'Berkesd', 'Baranya megye'),
(6585, 'Berkesz', 'Szabolcs-Szatmár-Bereg megye'),
(6586, 'Bernecebaráti', 'Pest megye'),
(6587, 'Berzék', 'Borsod-Abaúj-Zemplén megye'),
(6588, 'Berzence', 'Somogy megye'),
(6589, 'Besence', 'Baranya megye'),
(6590, 'Besenyőd', 'Szabolcs-Szatmár-Bereg megye'),
(6591, 'Besenyőtelek', 'Heves megye'),
(6592, 'Besenyszög', 'Jász-Nagykun-Szolnok megye'),
(6593, 'Besnyő', 'Fejér megye'),
(6594, 'Beszterec', 'Szabolcs-Szatmár-Bereg megye'),
(6595, 'Bezedek', 'Baranya megye'),
(6596, 'Bezenye', 'Győr-Moson-Sopron megye'),
(6597, 'Bezeréd', 'Zala megye'),
(6598, 'Bezi', 'Győr-Moson-Sopron megye'),
(6599, 'Biatorbágy', 'Pest megye'),
(6600, 'Bicsérd', 'Baranya megye'),
(6601, 'Bicske', 'Fejér megye'),
(6602, 'Bihardancsháza', 'Hajdú-Bihar megye'),
(6603, 'Biharkeresztes', 'Hajdú-Bihar megye'),
(6604, 'Biharnagybajom', 'Hajdú-Bihar megye'),
(6605, 'Bihartorda', 'Hajdú-Bihar megye'),
(6606, 'Biharugra', 'Békés megye'),
(6607, 'Bikács', 'Tolna megye'),
(6608, 'Bikal', 'Baranya megye'),
(6609, 'Biri', 'Szabolcs-Szatmár-Bereg megye'),
(6610, 'Birján', 'Baranya megye'),
(6611, 'Bisse', 'Baranya megye'),
(6612, 'Boba', 'Vas megye'),
(6613, 'Bocfölde', 'Zala megye'),
(6614, 'Boconád', 'Heves megye'),
(6615, 'Bócsa', 'Bács-Kiskun megye'),
(6616, 'Bocska', 'Zala megye'),
(6617, 'Bocskaikert', 'Hajdú-Bihar megye'),
(6618, 'Boda', 'Baranya megye'),
(6619, 'Bodajk', 'Fejér megye'),
(6620, 'Bodmér', 'Fejér megye'),
(6621, 'Bodolyabér', 'Baranya megye'),
(6622, 'Bodonhely', 'Győr-Moson-Sopron megye'),
(6623, 'Bodony', 'Heves megye'),
(6624, 'Bodorfa', 'Veszprém megye'),
(6625, 'Bodrog', 'Somogy megye'),
(6626, 'Bodroghalom', 'Borsod-Abaúj-Zemplén megye'),
(6627, 'Bodrogkeresztúr', 'Borsod-Abaúj-Zemplén megye'),
(6628, 'Bodrogkisfalud', 'Borsod-Abaúj-Zemplén megye'),
(6629, 'Bodrogolaszi', 'Borsod-Abaúj-Zemplén megye'),
(6630, 'Bódvalenke', 'Borsod-Abaúj-Zemplén megye'),
(6631, 'Bódvarákó', 'Borsod-Abaúj-Zemplén megye'),
(6632, 'Bódvaszilas', 'Borsod-Abaúj-Zemplén megye'),
(6633, 'Bogács', 'Borsod-Abaúj-Zemplén megye'),
(6634, 'Bogád', 'Baranya megye'),
(6635, 'Bogádmindszent', 'Baranya megye'),
(6636, 'Bogdása', 'Baranya megye'),
(6637, 'Bogyiszló', 'Tolna megye'),
(6638, 'Bogyoszló', 'Győr-Moson-Sopron megye'),
(6639, 'Bojt', 'Hajdú-Bihar megye'),
(6640, 'Bókaháza', 'Zala megye'),
(6641, 'Bokod', 'Komárom-Esztergom megye'),
(6642, 'Bokor', 'Nógrád megye'),
(6643, 'Boldog', 'Heves megye'),
(6644, 'Boldogasszonyfa', 'Baranya megye'),
(6645, 'Boldogkőújfalu', 'Borsod-Abaúj-Zemplén megye'),
(6646, 'Boldogkőváralja', 'Borsod-Abaúj-Zemplén megye'),
(6647, 'Boldva', 'Borsod-Abaúj-Zemplén megye'),
(6648, 'Bolhás', 'Somogy megye'),
(6649, 'Bolhó', 'Somogy megye'),
(6650, 'Bóly', 'Baranya megye'),
(6651, 'Boncodfölde', 'Zala megye'),
(6652, 'Bonyhád', 'Tolna megye'),
(6653, 'Bonyhádvarasd', 'Tolna megye'),
(6654, 'Bonnya', 'Somogy megye'),
(6655, 'Bordány', 'Csongrád megye'),
(6656, 'Borgáta', 'Vas megye'),
(6657, 'Borjád', 'Baranya megye'),
(6658, 'Borota', 'Bács-Kiskun megye'),
(6659, 'Borsfa', 'Zala megye'),
(6660, 'Borsodbóta', 'Borsod-Abaúj-Zemplén megye'),
(6661, 'Borsodgeszt', 'Borsod-Abaúj-Zemplén megye'),
(6662, 'Borsodivánka', 'Borsod-Abaúj-Zemplén megye'),
(6663, 'Borsodnádasd', 'Borsod-Abaúj-Zemplén megye'),
(6664, 'Borsodszentgyörgy', 'Borsod-Abaúj-Zemplén megye'),
(6665, 'Borsodszirák', 'Borsod-Abaúj-Zemplén megye'),
(6666, 'Borsosberény', 'Nógrád megye'),
(6667, 'Borszörcsök', 'Veszprém megye'),
(6668, 'Borzavár', 'Veszprém megye'),
(6669, 'Bosta', 'Baranya megye'),
(6670, 'Botpalád', 'Szabolcs-Szatmár-Bereg megye'),
(6671, 'Botykapeterd', 'Baranya megye'),
(6672, 'Bozzai', 'Vas megye'),
(6673, 'Bozsok', 'Vas megye'),
(6674, 'Bózsva', 'Borsod-Abaúj-Zemplén megye'),
(6675, 'Bő', 'Vas megye'),
(6676, 'Bőcs', 'Borsod-Abaúj-Zemplén megye'),
(6677, 'Böde', 'Zala megye'),
(6678, 'Bödeháza', 'Zala megye'),
(6679, 'Bögöt', 'Vas megye'),
(6680, 'Bögöte', 'Vas megye'),
(6681, 'Böhönye', 'Somogy megye'),
(6682, 'Bököny', 'Szabolcs-Szatmár-Bereg megye'),
(6683, 'Bölcske', 'Tolna megye'),
(6684, 'Bőny', 'Győr-Moson-Sopron megye'),
(6685, 'Börcs', 'Győr-Moson-Sopron megye'),
(6686, 'Börzönce', 'Zala megye'),
(6687, 'Bősárkány', 'Győr-Moson-Sopron megye'),
(6688, 'Bőszénfa', 'Somogy megye'),
(6689, 'Bucsa', 'Békés megye'),
(6690, 'Bucsu', 'Vas megye'),
(6691, 'Búcsúszentlászló', 'Zala megye'),
(6692, 'Bucsuta', 'Zala megye'),
(6693, 'Budajenő', 'Pest megye'),
(6694, 'Budakalász', 'Pest megye'),
(6695, 'Budakeszi', 'Pest megye'),
(6696, 'Budaörs', 'Pest megye'),
(6697, 'Budapest', 'Pest megye'),
(6698, 'Bugac', 'Bács-Kiskun megye'),
(6699, 'Bugacpusztaháza', 'Bács-Kiskun megye'),
(6700, 'Bugyi', 'Pest megye'),
(6701, 'Buj', 'Szabolcs-Szatmár-Bereg megye'),
(6702, 'Buják', 'Nógrád megye'),
(6703, 'Buzsák', 'Somogy megye'),
(6704, 'Bük', 'Vas megye'),
(6705, 'Bükkábrány', 'Borsod-Abaúj-Zemplén megye'),
(6706, 'Bükkaranyos', 'Borsod-Abaúj-Zemplén megye'),
(6707, 'Bükkmogyorósd', 'Borsod-Abaúj-Zemplén megye'),
(6708, 'Bükkösd', 'Baranya megye'),
(6709, 'Bükkszék', 'Heves megye'),
(6710, 'Bükkszenterzsébet', 'Heves megye'),
(6711, 'Bükkszentkereszt', 'Borsod-Abaúj-Zemplén megye'),
(6712, 'Bükkszentmárton', 'Heves megye'),
(6713, 'Bükkzsérc', 'Borsod-Abaúj-Zemplén megye'),
(6714, 'Bürüs', 'Baranya megye'),
(6715, 'Büssü', 'Somogy megye'),
(6716, 'Büttös', 'Borsod-Abaúj-Zemplén megye'),
(6717, 'Cák', 'Vas megye'),
(6718, 'Cakóháza', 'Győr-Moson-Sopron megye'),
(6719, 'Cece', 'Fejér megye'),
(6720, 'Cégénydányád', 'Szabolcs-Szatmár-Bereg megye'),
(6721, 'Cegléd', 'Pest megye'),
(6722, 'Ceglédbercel', 'Pest megye'),
(6723, 'Celldömölk', 'Vas megye'),
(6724, 'Cered', 'Nógrád megye'),
(6725, 'Chernelházadamonya', 'Vas megye'),
(6726, 'Cibakháza', 'Jász-Nagykun-Szolnok megye'),
(6727, 'Cigánd', 'Borsod-Abaúj-Zemplén megye'),
(6728, 'Cikó', 'Tolna megye'),
(6729, 'Cirák', 'Győr-Moson-Sopron megye'),
(6730, 'Cún', 'Baranya megye'),
(6731, 'Csabacsűd', 'Békés megye'),
(6732, 'Csabaszabadi', 'Békés megye'),
(6733, 'Csabdi', 'Fejér megye'),
(6734, 'Csabrendek', 'Veszprém megye'),
(6735, 'Csáfordjánosfa', 'Győr-Moson-Sopron megye'),
(6736, 'Csaholc', 'Szabolcs-Szatmár-Bereg megye'),
(6737, 'Csajág', 'Veszprém megye'),
(6738, 'Csákány', 'Somogy megye'),
(6739, 'Csákánydoroszló', 'Vas megye'),
(6740, 'Csákberény', 'Fejér megye'),
(6741, 'Csákvár', 'Fejér megye'),
(6742, 'Csanádalberti', 'Csongrád megye'),
(6743, 'Csanádapáca', 'Békés megye'),
(6744, 'Csanádpalota', 'Csongrád megye'),
(6745, 'Csánig', 'Vas megye'),
(6746, 'Csány', 'Heves megye'),
(6747, 'Csányoszró', 'Baranya megye'),
(6748, 'Csanytelek', 'Csongrád megye'),
(6749, 'Csapi', 'Zala megye'),
(6750, 'Csapod', 'Győr-Moson-Sopron megye'),
(6751, 'Csárdaszállás', 'Békés megye'),
(6752, 'Csarnóta', 'Baranya megye'),
(6753, 'Csaroda', 'Szabolcs-Szatmár-Bereg megye'),
(6754, 'Császár', 'Komárom-Esztergom megye'),
(6755, 'Császártöltés', 'Bács-Kiskun megye'),
(6756, 'Császló', 'Szabolcs-Szatmár-Bereg megye'),
(6757, 'Csátalja', 'Bács-Kiskun megye'),
(6758, 'Csatár', 'Zala megye'),
(6759, 'Csataszög', 'Jász-Nagykun-Szolnok megye'),
(6760, 'Csatka', 'Komárom-Esztergom megye'),
(6761, 'Csávoly', 'Bács-Kiskun megye'),
(6762, 'Csebény', 'Baranya megye'),
(6763, 'Csécse', 'Nógrád megye'),
(6764, 'Csegöld', 'Szabolcs-Szatmár-Bereg megye'),
(6765, 'Csehbánya', 'Veszprém megye'),
(6766, 'Csehi', 'Vas megye'),
(6767, 'Csehimindszent', 'Vas megye'),
(6768, 'Csém', 'Komárom-Esztergom megye'),
(6769, 'Csemő', 'Pest megye'),
(6770, 'Csempeszkopács', 'Vas megye'),
(6771, 'Csengele', 'Csongrád megye'),
(6772, 'Csenger', 'Szabolcs-Szatmár-Bereg megye'),
(6773, 'Csengersima', 'Szabolcs-Szatmár-Bereg megye'),
(6774, 'Csengerújfalu', 'Szabolcs-Szatmár-Bereg megye'),
(6775, 'Csengőd', 'Bács-Kiskun megye'),
(6776, 'Csénye', 'Vas megye'),
(6777, 'Csenyéte', 'Borsod-Abaúj-Zemplén megye'),
(6778, 'Csép', 'Komárom-Esztergom megye'),
(6779, 'Csépa', 'Jász-Nagykun-Szolnok megye'),
(6780, 'Csepreg', 'Vas megye'),
(6781, 'Csér', 'Győr-Moson-Sopron megye'),
(6782, 'Cserdi', 'Baranya megye'),
(6783, 'Cserénfa', 'Somogy megye'),
(6784, 'Cserépfalu', 'Borsod-Abaúj-Zemplén megye'),
(6785, 'Cserépváralja', 'Borsod-Abaúj-Zemplén megye'),
(6786, 'Cserháthaláp', 'Nógrád megye'),
(6787, 'Cserhátsurány', 'Nógrád megye'),
(6788, 'Cserhátszentiván', 'Nógrád megye'),
(6789, 'Cserkeszőlő', 'Jász-Nagykun-Szolnok megye'),
(6790, 'Cserkút', 'Baranya megye'),
(6791, 'Csernely', 'Borsod-Abaúj-Zemplén megye'),
(6792, 'Cserszegtomaj', 'Zala megye'),
(6793, 'Csertalakos', 'Zala megye'),
(6794, 'Csertő', 'Baranya megye'),
(6795, 'Csesznek', 'Veszprém megye'),
(6796, 'Csesztreg', 'Zala megye'),
(6797, 'Csesztve', 'Nógrád megye'),
(6798, 'Csetény', 'Veszprém megye'),
(6799, 'Csévharaszt', 'Pest megye'),
(6800, 'Csibrák', 'Tolna megye'),
(6801, 'Csikéria', 'Bács-Kiskun megye'),
(6802, 'Csikóstőttős', 'Tolna megye'),
(6803, 'Csikvánd', 'Győr-Moson-Sopron megye'),
(6804, 'Csincse', 'Borsod-Abaúj-Zemplén megye'),
(6805, 'Csipkerek', 'Vas megye'),
(6806, 'Csitár', 'Nógrád megye'),
(6807, 'Csobád', 'Borsod-Abaúj-Zemplén megye'),
(6808, 'Csobaj', 'Borsod-Abaúj-Zemplén megye'),
(6809, 'Csobánka', 'Pest megye'),
(6810, 'Csókakő', 'Fejér megye'),
(6811, 'Csokonyavisonta', 'Somogy megye'),
(6812, 'Csokvaomány', 'Borsod-Abaúj-Zemplén megye'),
(6813, 'Csolnok', 'Komárom-Esztergom megye'),
(6814, 'Csólyospálos', 'Bács-Kiskun megye'),
(6815, 'Csoma', 'Somogy megye'),
(6816, 'Csomád', 'Pest megye'),
(6817, 'Csombárd', 'Somogy megye'),
(6818, 'Csongrád', 'Csongrád megye'),
(6819, 'Csonkahegyhát', 'Zala megye'),
(6820, 'Csonkamindszent', 'Baranya megye'),
(6821, 'Csopak', 'Veszprém megye'),
(6822, 'Csór', 'Fejér megye'),
(6823, 'Csorna', 'Győr-Moson-Sopron megye'),
(6824, 'Csorvás', 'Békés megye'),
(6825, 'Csót', 'Veszprém megye'),
(6826, 'Csöde', 'Zala megye'),
(6827, 'Csögle', 'Veszprém megye'),
(6828, 'Csökmő', 'Hajdú-Bihar megye'),
(6829, 'Csököly', 'Somogy megye'),
(6830, 'Csömend', 'Somogy megye'),
(6831, 'Csömödér', 'Zala megye'),
(6832, 'Csömör', 'Pest megye'),
(6833, 'Csönge', 'Vas megye'),
(6834, 'Csörnyeföld', 'Zala megye'),
(6835, 'Csörög', 'Pest megye'),
(6836, 'Csörötnek', 'Vas megye'),
(6837, 'Csősz', 'Fejér megye'),
(6838, 'Csővár', 'Pest megye'),
(6839, 'Csurgó', 'Somogy megye'),
(6840, 'Csurgónagymarton', 'Somogy megye'),
(6841, 'Dabas', 'Pest megye'),
(6842, 'Dabronc', 'Veszprém megye'),
(6843, 'Dabrony', 'Veszprém megye'),
(6844, 'Dad', 'Komárom-Esztergom megye'),
(6845, 'Dág', 'Komárom-Esztergom megye'),
(6846, 'Dáka', 'Veszprém megye'),
(6847, 'Dalmand', 'Tolna megye'),
(6848, 'Damak', 'Borsod-Abaúj-Zemplén megye'),
(6849, 'Dámóc', 'Borsod-Abaúj-Zemplén megye'),
(6850, 'Dánszentmiklós', 'Pest megye'),
(6851, 'Dány', 'Pest megye'),
(6852, 'Daraboshegy', 'Vas megye'),
(6853, 'Darány', 'Somogy megye'),
(6854, 'Darnó', 'Szabolcs-Szatmár-Bereg megye'),
(6855, 'Darnózseli', 'Győr-Moson-Sopron megye'),
(6856, 'Daruszentmiklós', 'Fejér megye'),
(6857, 'Darvas', 'Hajdú-Bihar megye'),
(6858, 'Dávod', 'Bács-Kiskun megye'),
(6859, 'Debercsény', 'Nógrád megye'),
(6860, 'Debrecen', 'Hajdú-Bihar megye'),
(6861, 'Debréte', 'Borsod-Abaúj-Zemplén megye'),
(6862, 'Decs', 'Tolna megye'),
(6863, 'Dédestapolcsány', 'Borsod-Abaúj-Zemplén megye'),
(6864, 'Dég', 'Fejér megye'),
(6865, 'Dejtár', 'Nógrád megye'),
(6866, 'Délegyháza', 'Pest megye'),
(6867, 'Demecser', 'Szabolcs-Szatmár-Bereg megye'),
(6868, 'Demjén', 'Heves megye'),
(6869, 'Dencsháza', 'Baranya megye'),
(6870, 'Dénesfa', 'Győr-Moson-Sopron megye'),
(6871, 'Derecske', 'Hajdú-Bihar megye'),
(6872, 'Derekegyház', 'Csongrád megye'),
(6873, 'Deszk', 'Csongrád megye'),
(6874, 'Detek', 'Borsod-Abaúj-Zemplén megye'),
(6875, 'Detk', 'Heves megye'),
(6876, 'Dévaványa', 'Békés megye'),
(6877, 'Devecser', 'Veszprém megye'),
(6878, 'Dinnyeberki', 'Baranya megye'),
(6879, 'Diósberény', 'Tolna megye'),
(6880, 'Diósd', 'Pest megye'),
(6881, 'Diósjenő', 'Nógrád megye'),
(6882, 'Dióskál', 'Zala megye'),
(6883, 'Diósviszló', 'Baranya megye'),
(6884, 'Doba', 'Veszprém megye'),
(6885, 'Doboz', 'Békés megye'),
(6886, 'Dobri', 'Zala megye'),
(6887, 'Dobronhegy', 'Zala megye'),
(6888, 'Dóc', 'Csongrád megye'),
(6889, 'Domaháza', 'Borsod-Abaúj-Zemplén megye'),
(6890, 'Domaszék', 'Csongrád megye'),
(6891, 'Dombegyház', 'Békés megye'),
(6892, 'Dombiratos', 'Békés megye'),
(6893, 'Dombóvár', 'Tolna megye'),
(6894, 'Dombrád', 'Szabolcs-Szatmár-Bereg megye'),
(6895, 'Domony', 'Pest megye'),
(6896, 'Domoszló', 'Heves megye'),
(6897, 'Dormánd', 'Heves megye'),
(6898, 'Dorog', 'Komárom-Esztergom megye'),
(6899, 'Dorogháza', 'Nógrád megye'),
(6900, 'Dozmat', 'Vas megye'),
(6901, 'Döbörhegy', 'Vas megye'),
(6902, 'Döbröce', 'Zala megye'),
(6903, 'Döbrököz', 'Tolna megye'),
(6904, 'Döbrönte', 'Veszprém megye'),
(6905, 'Döge', 'Szabolcs-Szatmár-Bereg megye'),
(6906, 'Dömös', 'Komárom-Esztergom megye'),
(6907, 'Dömsöd', 'Pest megye'),
(6908, 'Dör', 'Győr-Moson-Sopron megye'),
(6909, 'Dörgicse', 'Veszprém megye'),
(6910, 'Döröske', 'Vas megye'),
(6911, 'Dötk', 'Zala megye'),
(6912, 'Dövény', 'Borsod-Abaúj-Zemplén megye'),
(6913, 'Drágszél', 'Bács-Kiskun megye'),
(6914, 'Drávacsehi', 'Baranya megye'),
(6915, 'Drávacsepely', 'Baranya megye'),
(6916, 'Drávafok', 'Baranya megye'),
(6917, 'Drávagárdony', 'Somogy megye'),
(6918, 'Drávaiványi', 'Baranya megye'),
(6919, 'Drávakeresztúr', 'Baranya megye'),
(6920, 'Drávapalkonya', 'Baranya megye'),
(6921, 'Drávapiski', 'Baranya megye'),
(6922, 'Drávaszabolcs', 'Baranya megye'),
(6923, 'Drávaszerdahely', 'Baranya megye'),
(6924, 'Drávasztára', 'Baranya megye'),
(6925, 'Drávatamási', 'Somogy megye'),
(6926, 'Drégelypalánk', 'Nógrád megye'),
(6927, 'Dubicsány', 'Borsod-Abaúj-Zemplén megye'),
(6928, 'Dudar', 'Veszprém megye'),
(6929, 'Duka', 'Vas megye'),
(6930, 'Dunaalmás', 'Komárom-Esztergom megye'),
(6931, 'Dunabogdány', 'Pest megye'),
(6932, 'Dunaegyháza', 'Bács-Kiskun megye'),
(6933, 'Dunafalva', 'Bács-Kiskun megye'),
(6934, 'Dunaföldvár', 'Tolna megye'),
(6935, 'Dunaharaszti', 'Pest megye'),
(6936, 'Dunakeszi', 'Pest megye'),
(6937, 'Dunakiliti', 'Győr-Moson-Sopron megye'),
(6938, 'Dunapataj', 'Bács-Kiskun megye'),
(6939, 'Dunaremete', 'Győr-Moson-Sopron megye'),
(6940, 'Dunaszeg', 'Győr-Moson-Sopron megye'),
(6941, 'Dunaszekcső', 'Baranya megye'),
(6942, 'Dunaszentbenedek', 'Bács-Kiskun megye'),
(6943, 'Dunaszentgyörgy', 'Tolna megye'),
(6944, 'Dunaszentmiklós', 'Komárom-Esztergom megye'),
(6945, 'Dunaszentpál', 'Győr-Moson-Sopron megye'),
(6946, 'Dunasziget', 'Győr-Moson-Sopron megye'),
(6947, 'Dunatetétlen', 'Bács-Kiskun megye'),
(6948, 'Dunaújváros', 'Fejér megye'),
(6949, 'Dunavarsány', 'Pest megye'),
(6950, 'Dunavecse', 'Bács-Kiskun megye'),
(6951, 'Dusnok', 'Bács-Kiskun megye'),
(6952, 'Dúzs', 'Tolna megye'),
(6953, 'Ebergőc', 'Győr-Moson-Sopron megye'),
(6954, 'Ebes', 'Hajdú-Bihar megye'),
(6955, 'Écs', 'Győr-Moson-Sopron megye'),
(6956, 'Ecséd', 'Heves megye'),
(6957, 'Ecseg', 'Nógrád megye'),
(6958, 'Ecsegfalva', 'Békés megye'),
(6959, 'Ecseny', 'Somogy megye'),
(6960, 'Ecser', 'Pest megye'),
(6961, 'Edde', 'Somogy megye'),
(6962, 'Edelény', 'Borsod-Abaúj-Zemplén megye'),
(6963, 'Edve', 'Győr-Moson-Sopron megye'),
(6964, 'Eger', 'Heves megye'),
(6965, 'Egerág', 'Baranya megye'),
(6966, 'Egeralja', 'Veszprém megye'),
(6967, 'Egeraracsa', 'Zala megye'),
(6968, 'Egerbakta', 'Heves megye'),
(6969, 'Egerbocs', 'Heves megye'),
(6970, 'Egercsehi', 'Heves megye'),
(6971, 'Egerfarmos', 'Heves megye'),
(6972, 'Egerlövő', 'Borsod-Abaúj-Zemplén megye'),
(6973, 'Egerszalók', 'Heves megye'),
(6974, 'Egerszólát', 'Heves megye'),
(6975, 'Egervár', 'Zala megye'),
(6976, 'Egervölgy', 'Vas megye'),
(6977, 'Egyed', 'Győr-Moson-Sopron megye'),
(6978, 'Egyek', 'Hajdú-Bihar megye'),
(6979, 'Egyházasdengeleg', 'Nógrád megye'),
(6980, 'Egyházasfalu', 'Győr-Moson-Sopron megye'),
(6981, 'Egyházasgerge', 'Nógrád megye'),
(6982, 'Egyházasharaszti', 'Baranya megye'),
(6983, 'Egyházashetye', 'Vas megye'),
(6984, 'Egyházashollós', 'Vas megye'),
(6985, 'Egyházaskesző', 'Veszprém megye'),
(6986, 'Egyházaskozár', 'Baranya megye'),
(6987, 'Egyházasrádóc', 'Vas megye'),
(6988, 'Elek', 'Békés megye'),
(6989, 'Ellend', 'Baranya megye'),
(6990, 'Előszállás', 'Fejér megye'),
(6991, 'Emőd', 'Borsod-Abaúj-Zemplén megye'),
(6992, 'Encs', 'Borsod-Abaúj-Zemplén megye'),
(6993, 'Encsencs', 'Szabolcs-Szatmár-Bereg megye'),
(6994, 'Endrefalva', 'Nógrád megye'),
(6995, 'Endrőc', 'Baranya megye'),
(6996, 'Enese', 'Győr-Moson-Sopron megye'),
(6997, 'Enying', 'Fejér megye'),
(6998, 'Eperjes', 'Csongrád megye'),
(6999, 'Eperjeske', 'Szabolcs-Szatmár-Bereg megye'),
(7000, 'Eplény', 'Veszprém megye'),
(7001, 'Epöl', 'Komárom-Esztergom megye'),
(7002, 'Ercsi', 'Fejér megye'),
(7003, 'Erdőbénye', 'Borsod-Abaúj-Zemplén megye'),
(7004, 'Erdőhorváti', 'Borsod-Abaúj-Zemplén megye'),
(7005, 'Erdőkertes', 'Pest megye'),
(7006, 'Erdőkövesd', 'Heves megye'),
(7007, 'Erdőkürt', 'Nógrád megye'),
(7008, 'Erdősmárok', 'Baranya megye'),
(7009, 'Erdősmecske', 'Baranya megye'),
(7010, 'Erdőtarcsa', 'Nógrád megye'),
(7011, 'Erdőtelek', 'Heves megye'),
(7012, 'Erk', 'Heves megye'),
(7013, 'Erzsébet', 'Baranya megye'),
(7014, 'Esztár', 'Hajdú-Bihar megye'),
(7015, 'Eszteregnye', 'Zala megye'),
(7016, 'Esztergályhorváti', 'Zala megye'),
(7017, 'Esztergom', 'Komárom-Esztergom megye'),
(7018, 'Ete', 'Komárom-Esztergom megye'),
(7019, 'Etes', 'Nógrád megye'),
(7020, 'Etyek', 'Fejér megye'),
(7021, 'Égerszög', 'Borsod-Abaúj-Zemplén megye'),
(7022, 'Érd', 'Pest megye'),
(7023, 'Érpatak', 'Szabolcs-Szatmár-Bereg megye'),
(7024, 'Érsekcsanád', 'Bács-Kiskun megye'),
(7025, 'Érsekhalma', 'Bács-Kiskun megye'),
(7026, 'Érsekvadkert', 'Nógrád megye'),
(7027, 'Értény', 'Tolna megye'),
(7028, 'Fábiánháza', 'Szabolcs-Szatmár-Bereg megye'),
(7029, 'Fábiánsebestyén', 'Csongrád megye'),
(7030, 'Fácánkert', 'Tolna megye'),
(7031, 'Fadd', 'Tolna megye'),
(7032, 'Fáj', 'Borsod-Abaúj-Zemplén megye'),
(7033, 'Fajsz', 'Bács-Kiskun megye'),
(7034, 'Fancsal', 'Borsod-Abaúj-Zemplén megye'),
(7035, 'Farád', 'Győr-Moson-Sopron megye'),
(7036, 'Farkasgyepű', 'Veszprém megye'),
(7037, 'Farkaslyuk', 'Borsod-Abaúj-Zemplén megye'),
(7038, 'Farmos', 'Pest megye'),
(7039, 'Fazekasboda', 'Baranya megye'),
(7040, 'Fedémes', 'Heves megye'),
(7041, 'Fegyvernek', 'Jász-Nagykun-Szolnok megye'),
(7042, 'Fehérgyarmat', 'Szabolcs-Szatmár-Bereg megye'),
(7043, 'Fehértó', 'Győr-Moson-Sopron megye'),
(7044, 'Fehérvárcsurgó', 'Fejér megye'),
(7045, 'Feked', 'Baranya megye'),
(7046, 'Feketeerdő', 'Győr-Moson-Sopron megye'),
(7047, 'Felcsút', 'Fejér megye'),
(7048, 'Feldebrő', 'Heves megye'),
(7049, 'Felgyő', 'Csongrád megye'),
(7050, 'Felpéc', 'Győr-Moson-Sopron megye'),
(7051, 'Felsőberecki', 'Borsod-Abaúj-Zemplén megye'),
(7052, 'Felsőcsatár', 'Vas megye'),
(7053, 'Felsődobsza', 'Borsod-Abaúj-Zemplén megye'),
(7054, 'Felsőegerszeg', 'Baranya megye'),
(7055, 'Felsőgagy', 'Borsod-Abaúj-Zemplén megye'),
(7056, 'Felsőjánosfa', 'Vas megye'),
(7057, 'Felsőkelecsény', 'Borsod-Abaúj-Zemplén megye'),
(7058, 'Felsőlajos', 'Bács-Kiskun megye'),
(7059, 'Felsőmarác', 'Vas megye'),
(7060, 'Felsőmocsolád', 'Somogy megye'),
(7061, 'Felsőnána', 'Tolna megye'),
(7062, 'Felsőnyárád', 'Borsod-Abaúj-Zemplén megye'),
(7063, 'Felsőnyék', 'Tolna megye'),
(7064, 'Felsőörs', 'Veszprém megye'),
(7065, 'Felsőpáhok', 'Zala megye'),
(7066, 'Felsőpakony', 'Pest megye'),
(7067, 'Felsőpetény', 'Nógrád megye'),
(7068, 'Felsőrajk', 'Zala megye'),
(7069, 'Felsőregmec', 'Borsod-Abaúj-Zemplén megye'),
(7070, 'Felsőszenterzsébet', 'Zala megye'),
(7071, 'Felsőszentiván', 'Bács-Kiskun megye'),
(7072, 'Felsőszentmárton', 'Baranya megye'),
(7073, 'Felsőszölnök', 'Vas megye'),
(7074, 'Felsőtárkány', 'Heves megye'),
(7075, 'Felsőtelekes', 'Borsod-Abaúj-Zemplén megye'),
(7076, 'Felsőtold', 'Nógrád megye'),
(7077, 'Felsővadász', 'Borsod-Abaúj-Zemplén megye'),
(7078, 'Felsőzsolca', 'Borsod-Abaúj-Zemplén megye'),
(7079, 'Fényeslitke', 'Szabolcs-Szatmár-Bereg megye'),
(7080, 'Fenyőfő', 'Győr-Moson-Sopron megye'),
(7081, 'Ferencszállás', 'Csongrád megye'),
(7082, 'Fertőboz', 'Győr-Moson-Sopron megye'),
(7083, 'Fertőd', 'Győr-Moson-Sopron megye'),
(7084, 'Fertőendréd', 'Győr-Moson-Sopron megye'),
(7085, 'Fertőhomok', 'Győr-Moson-Sopron megye'),
(7086, 'Fertőrákos', 'Győr-Moson-Sopron megye'),
(7087, 'Fertőszentmiklós', 'Győr-Moson-Sopron megye'),
(7088, 'Fertőszéplak', 'Győr-Moson-Sopron megye'),
(7089, 'Fiad', 'Somogy megye'),
(7090, 'Filkeháza', 'Borsod-Abaúj-Zemplén megye'),
(7091, 'Fityeház', 'Zala megye'),
(7092, 'Foktő', 'Bács-Kiskun megye'),
(7093, 'Folyás', 'Hajdú-Bihar megye'),
(7094, 'Fonó', 'Somogy megye'),
(7095, 'Fony', 'Borsod-Abaúj-Zemplén megye'),
(7096, 'Fonyód', 'Somogy megye'),
(7097, 'Forráskút', 'Csongrád megye'),
(7098, 'Forró', 'Borsod-Abaúj-Zemplén megye'),
(7099, 'Fót', 'Pest megye'),
(7100, 'Földeák', 'Csongrád megye'),
(7101, 'Földes', 'Hajdú-Bihar megye'),
(7102, 'Főnyed', 'Somogy megye'),
(7103, 'Fulókércs', 'Borsod-Abaúj-Zemplén megye'),
(7104, 'Furta', 'Hajdú-Bihar megye'),
(7105, 'Füle', 'Fejér megye'),
(7106, 'Fülesd', 'Szabolcs-Szatmár-Bereg megye'),
(7107, 'Fülöp', 'Hajdú-Bihar megye'),
(7108, 'Fülöpháza', 'Bács-Kiskun megye'),
(7109, 'Fülöpjakab', 'Bács-Kiskun megye'),
(7110, 'Fülöpszállás', 'Bács-Kiskun megye'),
(7111, 'Fülpösdaróc', 'Szabolcs-Szatmár-Bereg megye'),
(7112, 'Fürged', 'Tolna megye'),
(7113, 'Füzér', 'Borsod-Abaúj-Zemplén megye'),
(7114, 'Füzérkajata', 'Borsod-Abaúj-Zemplén megye'),
(7115, 'Füzérkomlós', 'Borsod-Abaúj-Zemplén megye'),
(7116, 'Füzérradvány', 'Borsod-Abaúj-Zemplén megye'),
(7117, 'Füzesabony', 'Heves megye'),
(7118, 'Füzesgyarmat', 'Békés megye'),
(7119, 'Fűzvölgy', 'Zala megye'),
(7120, 'Gáborján', 'Hajdú-Bihar megye'),
(7121, 'Gáborjánháza', 'Zala megye'),
(7122, 'Gacsály', 'Szabolcs-Szatmár-Bereg megye'),
(7123, 'Gadács', 'Somogy megye'),
(7124, 'Gadány', 'Somogy megye'),
(7125, 'Gadna', 'Borsod-Abaúj-Zemplén megye'),
(7126, 'Gádoros', 'Békés megye'),
(7127, 'Gagyapáti', 'Borsod-Abaúj-Zemplén megye'),
(7128, 'Gagybátor', 'Borsod-Abaúj-Zemplén megye'),
(7129, 'Gagyvendégi', 'Borsod-Abaúj-Zemplén megye'),
(7130, 'Galambok', 'Zala megye'),
(7131, 'Galgaguta', 'Nógrád megye'),
(7132, 'Galgagyörk', 'Pest megye'),
(7133, 'Galgahévíz', 'Pest megye'),
(7134, 'Galgamácsa', 'Pest megye'),
(7135, 'Gálosfa', 'Somogy megye'),
(7136, 'Galvács', 'Borsod-Abaúj-Zemplén megye'),
(7137, 'Gamás', 'Somogy megye'),
(7138, 'Ganna', 'Veszprém megye'),
(7139, 'Gánt', 'Fejér megye'),
(7140, 'Gara', 'Bács-Kiskun megye'),
(7141, 'Garáb', 'Nógrád megye'),
(7142, 'Garabonc', 'Zala megye'),
(7143, 'Garadna', 'Borsod-Abaúj-Zemplén megye'),
(7144, 'Garbolc', 'Szabolcs-Szatmár-Bereg megye'),
(7145, 'Gárdony', 'Fejér megye'),
(7146, 'Garé', 'Baranya megye'),
(7147, 'Gasztony', 'Vas megye'),
(7148, 'Gátér', 'Bács-Kiskun megye'),
(7149, 'Gávavencsellő', 'Szabolcs-Szatmár-Bereg megye'),
(7150, 'Géberjén', 'Szabolcs-Szatmár-Bereg megye'),
(7151, 'Gecse', 'Veszprém megye'),
(7152, 'Géderlak', 'Bács-Kiskun megye'),
(7153, 'Gégény', 'Szabolcs-Szatmár-Bereg megye'),
(7154, 'Gelej', 'Borsod-Abaúj-Zemplén megye'),
(7155, 'Gelénes', 'Szabolcs-Szatmár-Bereg megye'),
(7156, 'Gellénháza', 'Zala megye'),
(7157, 'Gelse', 'Zala megye'),
(7158, 'Gelsesziget', 'Zala megye'),
(7159, 'Gemzse', 'Szabolcs-Szatmár-Bereg megye'),
(7160, 'Gencsapáti', 'Vas megye'),
(7161, 'Gérce', 'Vas megye'),
(7162, 'Gerde', 'Baranya megye'),
(7163, 'Gerendás', 'Békés megye'),
(7164, 'Gerényes', 'Baranya megye'),
(7165, 'Geresdlak', 'Baranya megye'),
(7166, 'Gerjen', 'Tolna megye'),
(7167, 'Gersekarát', 'Vas megye'),
(7168, 'Geszt', 'Békés megye'),
(7169, 'Gesztely', 'Borsod-Abaúj-Zemplén megye'),
(7170, 'Geszteréd', 'Szabolcs-Szatmár-Bereg megye'),
(7171, 'Gétye', 'Zala megye'),
(7172, 'Gibárt', 'Borsod-Abaúj-Zemplén megye'),
(7173, 'Gic', 'Veszprém megye'),
(7174, 'Gige', 'Somogy megye'),
(7175, 'Gilvánfa', 'Baranya megye'),
(7176, 'Girincs', 'Borsod-Abaúj-Zemplén megye'),
(7177, 'Gógánfa', 'Veszprém megye'),
(7178, 'Golop', 'Borsod-Abaúj-Zemplén megye'),
(7179, 'Gomba', 'Pest megye'),
(7180, 'Gombosszeg', 'Zala megye'),
(7181, 'Gór', 'Vas megye'),
(7182, 'Gordisa', 'Baranya megye'),
(7183, 'Gosztola', 'Zala megye'),
(7184, 'Göd', 'Pest megye'),
(7185, 'Gödöllő', 'Pest megye'),
(7186, 'Gödre', 'Baranya megye'),
(7187, 'Gölle', 'Somogy megye'),
(7188, 'Gömörszőlős', 'Borsod-Abaúj-Zemplén megye'),
(7189, 'Gönc', 'Borsod-Abaúj-Zemplén megye'),
(7190, 'Göncruszka', 'Borsod-Abaúj-Zemplén megye'),
(7191, 'Gönyű', 'Győr-Moson-Sopron megye'),
(7192, 'Görbeháza', 'Hajdú-Bihar megye'),
(7193, 'Görcsöny', 'Baranya megye'),
(7194, 'Görcsönydoboka', 'Baranya megye'),
(7195, 'Görgeteg', 'Somogy megye'),
(7196, 'Gősfa', 'Zala megye'),
(7197, 'Grábóc', 'Tolna megye'),
(7198, 'Gulács', 'Szabolcs-Szatmár-Bereg megye'),
(7199, 'Gutorfölde', 'Zala megye'),
(7200, 'Gyál', 'Pest megye'),
(7201, 'Gyalóka', 'Győr-Moson-Sopron megye'),
(7202, 'Gyanógeregye', 'Vas megye'),
(7203, 'Gyarmat', 'Győr-Moson-Sopron megye'),
(7204, 'Gyékényes', 'Somogy megye'),
(7205, 'Gyenesdiás', 'Zala megye'),
(7206, 'Gyepükaján', 'Veszprém megye'),
(7207, 'Gyermely', 'Komárom-Esztergom megye'),
(7208, 'Gyód', 'Baranya megye'),
(7209, 'Gyomaendrőd', 'Békés megye'),
(7210, 'Gyóró', 'Győr-Moson-Sopron megye'),
(7211, 'Gyömöre', 'Győr-Moson-Sopron megye'),
(7212, 'Gyömrő', 'Pest megye'),
(7213, 'Gyöngyfa', 'Baranya megye'),
(7214, 'Gyöngyös', 'Heves megye'),
(7215, 'Gyöngyösfalu', 'Vas megye'),
(7216, 'Gyöngyöshalász', 'Heves megye'),
(7217, 'Gyöngyösmellék', 'Baranya megye'),
(7218, 'Gyöngyösoroszi', 'Heves megye'),
(7219, 'Gyöngyöspata', 'Heves megye'),
(7220, 'Gyöngyössolymos', 'Heves megye'),
(7221, 'Gyöngyöstarján', 'Heves megye'),
(7222, 'Gyönk', 'Tolna megye'),
(7223, 'Győr', 'Győr-Moson-Sopron megye'),
(7224, 'Győrasszonyfa', 'Győr-Moson-Sopron megye'),
(7225, 'Györe', 'Tolna megye'),
(7226, 'Györgytarló', 'Borsod-Abaúj-Zemplén megye'),
(7227, 'Györköny', 'Tolna megye'),
(7228, 'Győrladamér', 'Győr-Moson-Sopron megye'),
(7229, 'Győröcske', 'Szabolcs-Szatmár-Bereg megye'),
(7230, 'Győrság', 'Győr-Moson-Sopron megye'),
(7231, 'Győrsövényház', 'Győr-Moson-Sopron megye'),
(7232, 'Győrszemere', 'Győr-Moson-Sopron megye'),
(7233, 'Győrtelek', 'Szabolcs-Szatmár-Bereg megye'),
(7234, 'Győrújbarát', 'Győr-Moson-Sopron megye'),
(7235, 'Győrújfalu', 'Győr-Moson-Sopron megye'),
(7236, 'Győrvár', 'Vas megye'),
(7237, 'Győrzámoly', 'Győr-Moson-Sopron megye'),
(7238, 'Gyugy', 'Somogy megye'),
(7239, 'Gyula', 'Békés megye'),
(7240, 'Gyulaháza', 'Szabolcs-Szatmár-Bereg megye'),
(7241, 'Gyulaj', 'Tolna megye'),
(7242, 'Gyulakeszi', 'Veszprém megye'),
(7243, 'Gyúró', 'Fejér megye'),
(7244, 'Gyügye', 'Szabolcs-Szatmár-Bereg megye'),
(7245, 'Gyüre', 'Szabolcs-Szatmár-Bereg megye'),
(7246, 'Gyűrűs', 'Zala megye'),
(7247, 'Hács', 'Somogy megye'),
(7248, 'Hagyárosbörönd', 'Zala megye'),
(7249, 'Hahót', 'Zala megye'),
(7250, 'Hajdúbagos', 'Hajdú-Bihar megye'),
(7251, 'Hajdúböszörmény', 'Hajdú-Bihar megye'),
(7252, 'Hajdúdorog', 'Hajdú-Bihar megye'),
(7253, 'Hajdúhadház', 'Hajdú-Bihar megye'),
(7254, 'Hajdúnánás', 'Hajdú-Bihar megye'),
(7255, 'Hajdúsámson', 'Hajdú-Bihar megye'),
(7256, 'Hajdúszoboszló', 'Hajdú-Bihar megye'),
(7257, 'Hajdúszovát', 'Hajdú-Bihar megye'),
(7258, 'Hajmás', 'Somogy megye'),
(7259, 'Hajmáskér', 'Veszprém megye'),
(7260, 'Hajós', 'Bács-Kiskun megye'),
(7261, 'Halastó', 'Vas megye'),
(7262, 'Halászi', 'Győr-Moson-Sopron megye'),
(7263, 'Halásztelek', 'Pest megye'),
(7264, 'Halimba', 'Veszprém megye'),
(7265, 'Halmaj', 'Borsod-Abaúj-Zemplén megye'),
(7266, 'Halmajugra', 'Heves megye'),
(7267, 'Halogy', 'Vas megye'),
(7268, 'Hangács', 'Borsod-Abaúj-Zemplén megye'),
(7269, 'Hangony', 'Borsod-Abaúj-Zemplén megye'),
(7270, 'Hantos', 'Fejér megye'),
(7271, 'Harasztifalu', 'Vas megye'),
(7272, 'Harc', 'Tolna megye'),
(7273, 'Harka', 'Győr-Moson-Sopron megye'),
(7274, 'Harkakötöny', 'Bács-Kiskun megye'),
(7275, 'Harkány', 'Baranya megye'),
(7276, 'Háromfa', 'Somogy megye'),
(7277, 'Háromhuta', 'Borsod-Abaúj-Zemplén megye'),
(7278, 'Harsány', 'Borsod-Abaúj-Zemplén megye'),
(7279, 'Hárskút', 'Veszprém megye'),
(7280, 'Harta', 'Bács-Kiskun megye'),
(7281, 'Hásságy', 'Baranya megye'),
(7282, 'Hatvan', 'Heves megye'),
(7283, 'Hédervár', 'Győr-Moson-Sopron megye'),
(7284, 'Hedrehely', 'Somogy megye'),
(7285, 'Hegyesd', 'Veszprém megye'),
(7286, 'Hegyeshalom', 'Győr-Moson-Sopron megye'),
(7287, 'Hegyfalu', 'Vas megye'),
(7288, 'Hegyháthodász', 'Vas megye'),
(7289, 'Hegyhátmaróc', 'Baranya megye'),
(7290, 'Hegyhátsál', 'Vas megye'),
(7291, 'Hegyhátszentjakab', 'Vas megye'),
(7292, 'Hegyhátszentmárton', 'Vas megye'),
(7293, 'Hegyhátszentpéter', 'Vas megye'),
(7294, 'Hegykő', 'Győr-Moson-Sopron megye'),
(7295, 'Hegymagas', 'Veszprém megye'),
(7296, 'Hegymeg', 'Borsod-Abaúj-Zemplén megye'),
(7297, 'Hegyszentmárton', 'Baranya megye'),
(7298, 'Héhalom', 'Nógrád megye'),
(7299, 'Hejce', 'Borsod-Abaúj-Zemplén megye'),
(7300, 'Hejőbába', 'Borsod-Abaúj-Zemplén megye'),
(7301, 'Hejőkeresztúr', 'Borsod-Abaúj-Zemplén megye'),
(7302, 'Hejőkürt', 'Borsod-Abaúj-Zemplén megye'),
(7303, 'Hejőpapi', 'Borsod-Abaúj-Zemplén megye'),
(7304, 'Hejőszalonta', 'Borsod-Abaúj-Zemplén megye'),
(7305, 'Helesfa', 'Baranya megye'),
(7306, 'Helvécia', 'Bács-Kiskun megye'),
(7307, 'Hencida', 'Hajdú-Bihar megye'),
(7308, 'Hencse', 'Somogy megye'),
(7309, 'Herceghalom', 'Pest megye'),
(7310, 'Hercegkút', 'Borsod-Abaúj-Zemplén megye'),
(7311, 'Hercegszántó', 'Bács-Kiskun megye'),
(7312, 'Heréd', 'Heves megye'),
(7313, 'Héreg', 'Komárom-Esztergom megye'),
(7314, 'Herencsény', 'Nógrád megye'),
(7315, 'Herend', 'Veszprém megye'),
(7316, 'Heresznye', 'Somogy megye'),
(7317, 'Hermánszeg', 'Szabolcs-Szatmár-Bereg megye'),
(7318, 'Hernád', 'Pest megye'),
(7319, 'Hernádbűd', 'Borsod-Abaúj-Zemplén megye'),
(7320, 'Hernádcéce', 'Borsod-Abaúj-Zemplén megye'),
(7321, 'Hernádkak', 'Borsod-Abaúj-Zemplén megye'),
(7322, 'Hernádkércs', 'Borsod-Abaúj-Zemplén megye'),
(7323, 'Hernádnémeti', 'Borsod-Abaúj-Zemplén megye'),
(7324, 'Hernádpetri', 'Borsod-Abaúj-Zemplén megye'),
(7325, 'Hernádszentandrás', 'Borsod-Abaúj-Zemplén megye'),
(7326, 'Hernádszurdok', 'Borsod-Abaúj-Zemplén megye'),
(7327, 'Hernádvécse', 'Borsod-Abaúj-Zemplén megye'),
(7328, 'Hernyék', 'Zala megye'),
(7329, 'Hét', 'Borsod-Abaúj-Zemplén megye'),
(7330, 'Hetefejércse', 'Szabolcs-Szatmár-Bereg megye'),
(7331, 'Hetes', 'Somogy megye'),
(7332, 'Hetvehely', 'Baranya megye'),
(7333, 'Hetyefő', 'Veszprém megye'),
(7334, 'Heves', 'Heves megye'),
(7335, 'Hevesaranyos', 'Heves megye'),
(7336, 'Hevesvezekény', 'Heves megye'),
(7337, 'Hévíz', 'Zala megye'),
(7338, 'Hévízgyörk', 'Pest megye'),
(7339, 'Hidas', 'Baranya megye'),
(7340, 'Hidasnémeti', 'Borsod-Abaúj-Zemplén megye'),
(7341, 'Hidegkút', 'Veszprém megye'),
(7342, 'Hidegség', 'Győr-Moson-Sopron megye'),
(7343, 'Hidvégardó', 'Borsod-Abaúj-Zemplén megye'),
(7344, 'Himesháza', 'Baranya megye'),
(7345, 'Himod', 'Győr-Moson-Sopron megye'),
(7346, 'Hirics', 'Baranya megye'),
(7347, 'Hobol', 'Baranya megye'),
(7348, 'Hodász', 'Szabolcs-Szatmár-Bereg megye'),
(7349, 'Hódmezővásárhely', 'Csongrád megye'),
(7350, 'Hollád', 'Somogy megye'),
(7351, 'Hollóháza', 'Borsod-Abaúj-Zemplén megye'),
(7352, 'Hollókő', 'Nógrád megye'),
(7353, 'Homokbödöge', 'Veszprém megye'),
(7354, 'Homokkomárom', 'Zala megye'),
(7355, 'Homokmégy', 'Bács-Kiskun megye'),
(7356, 'Homokszentgyörgy', 'Somogy megye'),
(7357, 'Homorúd', 'Baranya megye'),
(7358, 'Homrogd', 'Borsod-Abaúj-Zemplén megye'),
(7359, 'Hont', 'Nógrád megye'),
(7360, 'Horpács', 'Nógrád megye'),
(7361, 'Hort', 'Heves megye'),
(7362, 'Hortobágy', 'Hajdú-Bihar megye'),
(7363, 'Horváthertelend', 'Baranya megye'),
(7364, 'Horvátlövő', 'Vas megye'),
(7365, 'Horvátzsidány', 'Vas megye'),
(7366, 'Hosszúhetény', 'Baranya megye'),
(7367, 'Hosszúpályi', 'Hajdú-Bihar megye'),
(7368, 'Hosszúpereszteg', 'Vas megye'),
(7369, 'Hosszúvíz', 'Somogy megye'),
(7370, 'Hosszúvölgy', 'Zala megye'),
(7371, 'Hosztót', 'Veszprém megye'),
(7372, 'Hottó', 'Zala megye'),
(7373, 'Hőgyész', 'Tolna megye'),
(7374, 'Hövej', 'Győr-Moson-Sopron megye'),
(7375, 'Hugyag', 'Nógrád megye'),
(7376, 'Hunya', 'Békés megye'),
(7377, 'Hunyadfalva', 'Jász-Nagykun-Szolnok megye'),
(7378, 'Husztót', 'Baranya megye'),
(7379, 'Ibafa', 'Baranya megye'),
(7380, 'Iborfia', 'Zala megye'),
(7381, 'Ibrány', 'Szabolcs-Szatmár-Bereg megye'),
(7382, 'Igal', 'Somogy megye'),
(7383, 'Igar', 'Fejér megye'),
(7384, 'Igrici', 'Borsod-Abaúj-Zemplén megye'),
(7385, 'Iharos', 'Somogy megye'),
(7386, 'Iharosberény', 'Somogy megye'),
(7387, 'Ikervár', 'Vas megye'),
(7388, 'Iklad', 'Pest megye'),
(7389, 'Iklanberény', 'Vas megye'),
(7390, 'Iklódbördőce', 'Zala megye'),
(7391, 'Ikrény', 'Győr-Moson-Sopron megye'),
(7392, 'Iliny', 'Nógrád megye'),
(7393, 'Ilk', 'Szabolcs-Szatmár-Bereg megye'),
(7394, 'Illocska', 'Baranya megye'),
(7395, 'Imola', 'Borsod-Abaúj-Zemplén megye'),
(7396, 'Imrehegy', 'Bács-Kiskun megye'),
(7397, 'Ináncs', 'Borsod-Abaúj-Zemplén megye'),
(7398, 'Inárcs', 'Pest megye'),
(7399, 'Inke', 'Somogy megye'),
(7400, 'Ipacsfa', 'Baranya megye'),
(7401, 'Ipolydamásd', 'Pest megye'),
(7402, 'Ipolyszög', 'Nógrád megye'),
(7403, 'Ipolytarnóc', 'Nógrád megye'),
(7404, 'Ipolytölgyes', 'Pest megye'),
(7405, 'Ipolyvece', 'Nógrád megye'),
(7406, 'Iregszemcse', 'Tolna megye'),
(7407, 'Irota', 'Borsod-Abaúj-Zemplén megye'),
(7408, 'Isaszeg', 'Pest megye'),
(7409, 'Ispánk', 'Vas megye'),
(7410, 'Istenmezeje', 'Heves megye'),
(7411, 'Istvándi', 'Somogy megye'),
(7412, 'Iszkaszentgyörgy', 'Fejér megye'),
(7413, 'Iszkáz', 'Veszprém megye'),
(7414, 'Isztimér', 'Fejér megye'),
(7415, 'Ivád', 'Heves megye'),
(7416, 'Iván', 'Győr-Moson-Sopron megye'),
(7417, 'Ivánbattyán', 'Baranya megye'),
(7418, 'Ivánc', 'Vas megye'),
(7419, 'Iváncsa', 'Fejér megye'),
(7420, 'Ivándárda', 'Baranya megye'),
(7421, 'Izmény', 'Tolna megye'),
(7422, 'Izsák', 'Bács-Kiskun megye'),
(7423, 'Izsófalva', 'Borsod-Abaúj-Zemplén megye'),
(7424, 'Jágónak', 'Tolna megye'),
(7425, 'Ják', 'Vas megye'),
(7426, 'Jakabszállás', 'Bács-Kiskun megye'),
(7427, 'Jákfa', 'Vas megye'),
(7428, 'Jákfalva', 'Borsod-Abaúj-Zemplén megye'),
(7429, 'Jákó', 'Somogy megye'),
(7430, 'Jánd', 'Szabolcs-Szatmár-Bereg megye'),
(7431, 'Jánkmajtis', 'Szabolcs-Szatmár-Bereg megye'),
(7432, 'Jánoshalma', 'Bács-Kiskun megye'),
(7433, 'Jánosháza', 'Vas megye'),
(7434, 'Jánoshida', 'Jász-Nagykun-Szolnok megye'),
(7435, 'Jánossomorja', 'Győr-Moson-Sopron megye'),
(7436, 'Járdánháza', 'Borsod-Abaúj-Zemplén megye'),
(7437, 'Jármi', 'Szabolcs-Szatmár-Bereg megye'),
(7438, 'Jásd', 'Veszprém megye'),
(7439, 'Jászágó', 'Jász-Nagykun-Szolnok megye'),
(7440, 'Jászalsószentgyörgy', 'Jász-Nagykun-Szolnok megye'),
(7441, 'Jászapáti', 'Jász-Nagykun-Szolnok megye'),
(7442, 'Jászárokszállás', 'Jász-Nagykun-Szolnok megye'),
(7443, 'Jászberény', 'Jász-Nagykun-Szolnok megye'),
(7444, 'Jászboldogháza', 'Jász-Nagykun-Szolnok megye'),
(7445, 'Jászdózsa', 'Jász-Nagykun-Szolnok megye'),
(7446, 'Jászfelsőszentgyörgy', 'Jász-Nagykun-Szolnok megye'),
(7447, 'Jászfényszaru', 'Jász-Nagykun-Szolnok megye'),
(7448, 'Jászivány', 'Jász-Nagykun-Szolnok megye'),
(7449, 'Jászjákóhalma', 'Jász-Nagykun-Szolnok megye'),
(7450, 'Jászkarajenő', 'Pest megye'),
(7451, 'Jászkisér', 'Jász-Nagykun-Szolnok megye'),
(7452, 'Jászladány', 'Jász-Nagykun-Szolnok megye'),
(7453, 'Jászszentandrás', 'Jász-Nagykun-Szolnok megye'),
(7454, 'Jászszentlászló', 'Bács-Kiskun megye'),
(7455, 'Jásztelek', 'Jász-Nagykun-Szolnok megye'),
(7456, 'Jéke', 'Szabolcs-Szatmár-Bereg megye'),
(7457, 'Jenő', 'Fejér megye'),
(7458, 'Jobaháza', 'Győr-Moson-Sopron megye'),
(7459, 'Jobbágyi', 'Nógrád megye'),
(7460, 'Jósvafő', 'Borsod-Abaúj-Zemplén megye'),
(7461, 'Juta', 'Somogy megye'),
(7462, 'Kaba', 'Hajdú-Bihar megye'),
(7463, 'Kacorlak', 'Zala megye'),
(7464, 'Kács', 'Borsod-Abaúj-Zemplén megye'),
(7465, 'Kacsóta', 'Baranya megye'),
(7466, 'Kadarkút', 'Somogy megye'),
(7467, 'Kajárpéc', 'Győr-Moson-Sopron megye'),
(7468, 'Kajászó', 'Fejér megye'),
(7469, 'Kajdacs', 'Tolna megye'),
(7470, 'Kakasd', 'Tolna megye'),
(7471, 'Kákics', 'Baranya megye'),
(7472, 'Kakucs', 'Pest megye'),
(7473, 'Kál', 'Heves megye'),
(7474, 'Kalaznó', 'Tolna megye'),
(7475, 'Káld', 'Vas megye'),
(7476, 'Kálló', 'Nógrád megye'),
(7477, 'Kallósd', 'Zala megye'),
(7478, 'Kállósemjén', 'Szabolcs-Szatmár-Bereg megye'),
(7479, 'Kálmáncsa', 'Somogy megye'),
(7480, 'Kálmánháza', 'Szabolcs-Szatmár-Bereg megye'),
(7481, 'Kálócfa', 'Zala megye'),
(7482, 'Kalocsa', 'Bács-Kiskun megye'),
(7483, 'Káloz', 'Fejér megye'),
(7484, 'Kám', 'Vas megye'),
(7485, 'Kamond', 'Veszprém megye'),
(7486, 'Kamut', 'Békés megye'),
(7487, 'Kánó', 'Borsod-Abaúj-Zemplén megye'),
(7488, 'Kántorjánosi', 'Szabolcs-Szatmár-Bereg megye'),
(7489, 'Kány', 'Borsod-Abaúj-Zemplén megye'),
(7490, 'Kánya', 'Somogy megye'),
(7491, 'Kányavár', 'Zala megye'),
(7492, 'Kapolcs', 'Veszprém megye'),
(7493, 'Kápolna', 'Heves megye'),
(7494, 'Kápolnásnyék', 'Fejér megye'),
(7495, 'Kapoly', 'Somogy megye'),
(7496, 'Kaposfő', 'Somogy megye'),
(7497, 'Kaposgyarmat', 'Somogy megye'),
(7498, 'Kaposhomok', 'Somogy megye'),
(7499, 'Kaposkeresztúr', 'Somogy megye'),
(7500, 'Kaposmérő', 'Somogy megye'),
(7501, 'Kapospula', 'Tolna megye'),
(7502, 'Kaposszekcső', 'Tolna megye'),
(7503, 'Kaposszerdahely', 'Somogy megye'),
(7504, 'Kaposújlak', 'Somogy megye'),
(7505, 'Kaposvár', 'Somogy megye'),
(7506, 'Káptalanfa', 'Veszprém megye'),
(7507, 'Káptalantóti', 'Veszprém megye'),
(7508, 'Kapuvár', 'Győr-Moson-Sopron megye'),
(7509, 'Kára', 'Somogy megye'),
(7510, 'Karácsond', 'Heves megye'),
(7511, 'Karád', 'Somogy megye'),
(7512, 'Karakó', 'Vas megye'),
(7513, 'Karakószörcsök', 'Veszprém megye'),
(7514, 'Karancsalja', 'Nógrád megye'),
(7515, 'Karancsberény', 'Nógrád megye'),
(7516, 'Karancskeszi', 'Nógrád megye'),
(7517, 'Karancslapujtő', 'Nógrád megye'),
(7518, 'Karancsság', 'Nógrád megye'),
(7519, 'Kárász', 'Baranya megye'),
(7520, 'Karcag', 'Jász-Nagykun-Szolnok megye'),
(7521, 'Karcsa', 'Borsod-Abaúj-Zemplén megye'),
(7522, 'Kardos', 'Békés megye'),
(7523, 'Kardoskút', 'Békés megye'),
(7524, 'Karmacs', 'Zala megye'),
(7525, 'Károlyháza', 'Győr-Moson-Sopron megye'),
(7526, 'Karos', 'Borsod-Abaúj-Zemplén megye'),
(7527, 'Kartal', 'Pest megye'),
(7528, 'Kásád', 'Baranya megye'),
(7529, 'Kaskantyú', 'Bács-Kiskun megye'),
(7530, 'Kastélyosdombó', 'Somogy megye'),
(7531, 'Kaszaper', 'Békés megye'),
(7532, 'Kaszó', 'Somogy megye'),
(7533, 'Katádfa', 'Baranya megye'),
(7534, 'Katafa', 'Vas megye'),
(7535, 'Kátoly', 'Baranya megye'),
(7536, 'Katymár', 'Bács-Kiskun megye'),
(7537, 'Káva', 'Pest megye'),
(7538, 'Kávás', 'Zala megye'),
(7539, 'Kazár', 'Nógrád megye'),
(7540, 'Kazincbarcika', 'Borsod-Abaúj-Zemplén megye'),
(7541, 'Kázsmárk', 'Borsod-Abaúj-Zemplén megye'),
(7542, 'Kazsok', 'Somogy megye'),
(7543, 'Kecel', 'Bács-Kiskun megye'),
(7544, 'Kecskéd', 'Komárom-Esztergom megye'),
(7545, 'Kecskemét', 'Bács-Kiskun megye'),
(7546, 'Kehidakustány', 'Zala megye'),
(7547, 'Kék', 'Szabolcs-Szatmár-Bereg megye'),
(7548, 'Kékcse', 'Szabolcs-Szatmár-Bereg megye'),
(7549, 'Kéked', 'Borsod-Abaúj-Zemplén megye'),
(7550, 'Kékesd', 'Baranya megye'),
(7551, 'Kékkút', 'Veszprém megye'),
(7552, 'Kelebia', 'Bács-Kiskun megye'),
(7553, 'Keléd', 'Vas megye'),
(7554, 'Kelemér', 'Borsod-Abaúj-Zemplén megye'),
(7555, 'Kéleshalom', 'Bács-Kiskun megye'),
(7556, 'Kelevíz', 'Somogy megye'),
(7557, 'Kemecse', 'Szabolcs-Szatmár-Bereg megye'),
(7558, 'Kemence', 'Pest megye'),
(7559, 'Kemendollár', 'Zala megye'),
(7560, 'Kemeneshőgyész', 'Veszprém megye'),
(7561, 'Kemeneskápolna', 'Vas megye'),
(7562, 'Kemenesmagasi', 'Vas megye'),
(7563, 'Kemenesmihályfa', 'Vas megye'),
(7564, 'Kemenespálfa', 'Vas megye'),
(7565, 'Kemenessömjén', 'Vas megye'),
(7566, 'Kemenesszentmárton', 'Vas megye'),
(7567, 'Kemenesszentpéter', 'Veszprém megye'),
(7568, 'Keménfa', 'Zala megye'),
(7569, 'Kémes', 'Baranya megye'),
(7570, 'Kemestaródfa', 'Vas megye'),
(7571, 'Kemse', 'Baranya megye'),
(7572, 'Kenderes', 'Jász-Nagykun-Szolnok megye'),
(7573, 'Kenéz', 'Vas megye'),
(7574, 'Kenézlő', 'Borsod-Abaúj-Zemplén megye'),
(7575, 'Kengyel', 'Jász-Nagykun-Szolnok megye'),
(7576, 'Kenyeri', 'Vas megye'),
(7577, 'Kercaszomor', 'Vas megye'),
(7578, 'Kercseliget', 'Somogy megye'),
(7579, 'Kerecsend', 'Heves megye'),
(7580, 'Kerecseny', 'Zala megye'),
(7581, 'Kerekegyháza', 'Bács-Kiskun megye'),
(7582, 'Kerekharaszt', 'Heves megye'),
(7583, 'Kereki', 'Somogy megye'),
(7584, 'Kerékteleki', 'Komárom-Esztergom megye'),
(7585, 'Kerepes', 'Pest megye'),
(7586, 'Keresztéte', 'Borsod-Abaúj-Zemplén megye'),
(7587, 'Kerkabarabás', 'Zala megye'),
(7588, 'Kerkafalva', 'Zala megye'),
(7589, 'Kerkakutas', 'Zala megye'),
(7590, 'Kerkáskápolna', 'Vas megye'),
(7591, 'Kerkaszentkirály', 'Zala megye'),
(7592, 'Kerkateskánd', 'Zala megye'),
(7593, 'Kérsemjén', 'Szabolcs-Szatmár-Bereg megye'),
(7594, 'Kerta', 'Veszprém megye'),
(7595, 'Kertészsziget', 'Békés megye'),
(7596, 'Keszeg', 'Nógrád megye'),
(7597, 'Kesznyéten', 'Borsod-Abaúj-Zemplén megye'),
(7598, 'Keszőhidegkút', 'Tolna megye'),
(7599, 'Keszthely', 'Zala megye'),
(7600, 'Kesztölc', 'Komárom-Esztergom megye');
INSERT INTO `cities_mstr` (`CitiesID_MSTR`, `CitiesCity_MSTR`, `CitiesCounty_MSTR`) VALUES
(7601, 'Keszü', 'Baranya megye'),
(7602, 'Kétbodony', 'Nógrád megye'),
(7603, 'Kétegyháza', 'Békés megye'),
(7604, 'Kéthely', 'Somogy megye'),
(7605, 'Kétpó', 'Jász-Nagykun-Szolnok megye'),
(7606, 'Kétsoprony', 'Békés megye'),
(7607, 'Kétújfalu', 'Baranya megye'),
(7608, 'Kétvölgy', 'Vas megye'),
(7609, 'Kéty', 'Tolna megye'),
(7610, 'Kevermes', 'Békés megye'),
(7611, 'Kilimán', 'Zala megye'),
(7612, 'Kimle', 'Győr-Moson-Sopron megye'),
(7613, 'Kincsesbánya', 'Fejér megye'),
(7614, 'Királd', 'Borsod-Abaúj-Zemplén megye'),
(7615, 'Királyegyháza', 'Baranya megye'),
(7616, 'Királyhegyes', 'Csongrád megye'),
(7617, 'Királyszentistván', 'Veszprém megye'),
(7618, 'Kisapáti', 'Veszprém megye'),
(7619, 'Kisapostag', 'Fejér megye'),
(7620, 'Kisar', 'Szabolcs-Szatmár-Bereg megye'),
(7621, 'Kisasszond', 'Somogy megye'),
(7622, 'Kisasszonyfa', 'Baranya megye'),
(7623, 'Kisbabot', 'Győr-Moson-Sopron megye'),
(7624, 'Kisbágyon', 'Nógrád megye'),
(7625, 'Kisbajcs', 'Győr-Moson-Sopron megye'),
(7626, 'Kisbajom', 'Somogy megye'),
(7627, 'Kisbárapáti', 'Somogy megye'),
(7628, 'Kisbárkány', 'Nógrád megye'),
(7629, 'Kisbér', 'Komárom-Esztergom megye'),
(7630, 'Kisberény', 'Somogy megye'),
(7631, 'Kisberzseny', 'Veszprém megye'),
(7632, 'Kisbeszterce', 'Baranya megye'),
(7633, 'Kisbodak', 'Győr-Moson-Sopron megye'),
(7634, 'Kisbucsa', 'Zala megye'),
(7635, 'Kisbudmér', 'Baranya megye'),
(7636, 'Kiscsécs', 'Borsod-Abaúj-Zemplén megye'),
(7637, 'Kiscsehi', 'Zala megye'),
(7638, 'Kiscsősz', 'Veszprém megye'),
(7639, 'Kisdér', 'Baranya megye'),
(7640, 'Kisdobsza', 'Baranya megye'),
(7641, 'Kisdombegyház', 'Békés megye'),
(7642, 'Kisdorog', 'Tolna megye'),
(7643, 'Kisecset', 'Nógrád megye'),
(7644, 'Kisfalud', 'Győr-Moson-Sopron megye'),
(7645, 'Kisfüzes', 'Heves megye'),
(7646, 'Kisgörbő', 'Zala megye'),
(7647, 'Kisgyalán', 'Somogy megye'),
(7648, 'Kisgyőr', 'Borsod-Abaúj-Zemplén megye'),
(7649, 'Kishajmás', 'Baranya megye'),
(7650, 'Kisharsány', 'Baranya megye'),
(7651, 'Kishartyán', 'Nógrád megye'),
(7652, 'Kisherend', 'Baranya megye'),
(7653, 'Kishódos', 'Szabolcs-Szatmár-Bereg megye'),
(7654, 'Kishuta', 'Borsod-Abaúj-Zemplén megye'),
(7655, 'Kisigmánd', 'Komárom-Esztergom megye'),
(7656, 'Kisjakabfalva', 'Baranya megye'),
(7657, 'Kiskassa', 'Baranya megye'),
(7658, 'Kiskinizs', 'Borsod-Abaúj-Zemplén megye'),
(7659, 'Kiskorpád', 'Somogy megye'),
(7660, 'Kisköre', 'Heves megye'),
(7661, 'Kiskőrös', 'Bács-Kiskun megye'),
(7662, 'Kiskunfélegyháza', 'Bács-Kiskun megye'),
(7663, 'Kiskunhalas', 'Bács-Kiskun megye'),
(7664, 'Kiskunlacháza', 'Pest megye'),
(7665, 'Kiskunmajsa', 'Bács-Kiskun megye'),
(7666, 'Kiskutas', 'Zala megye'),
(7667, 'Kisláng', 'Fejér megye'),
(7668, 'Kisléta', 'Szabolcs-Szatmár-Bereg megye'),
(7669, 'Kislippó', 'Baranya megye'),
(7670, 'Kislőd', 'Veszprém megye'),
(7671, 'Kismányok', 'Tolna megye'),
(7672, 'Kismarja', 'Hajdú-Bihar megye'),
(7673, 'Kismaros', 'Pest megye'),
(7674, 'Kisnamény', 'Szabolcs-Szatmár-Bereg megye'),
(7675, 'Kisnána', 'Heves megye'),
(7676, 'Kisnémedi', 'Pest megye'),
(7677, 'Kisnyárád', 'Baranya megye'),
(7678, 'Kisoroszi', 'Pest megye'),
(7679, 'Kispalád', 'Szabolcs-Szatmár-Bereg megye'),
(7680, 'Kispáli', 'Zala megye'),
(7681, 'Kispirit', 'Veszprém megye'),
(7682, 'Kisrákos', 'Vas megye'),
(7683, 'Kisrécse', 'Zala megye'),
(7684, 'Kisrozvágy', 'Borsod-Abaúj-Zemplén megye'),
(7685, 'Kissikátor', 'Borsod-Abaúj-Zemplén megye'),
(7686, 'Kissomlyó', 'Vas megye'),
(7687, 'Kisszállás', 'Bács-Kiskun megye'),
(7688, 'Kisszékely', 'Tolna megye'),
(7689, 'Kisszekeres', 'Szabolcs-Szatmár-Bereg megye'),
(7690, 'Kisszentmárton', 'Baranya megye'),
(7691, 'Kissziget', 'Zala megye'),
(7692, 'Kisszőlős', 'Veszprém megye'),
(7693, 'Kistamási', 'Baranya megye'),
(7694, 'Kistapolca', 'Baranya megye'),
(7695, 'Kistarcsa', 'Pest megye'),
(7696, 'Kistelek', 'Csongrád megye'),
(7697, 'Kistokaj', 'Borsod-Abaúj-Zemplén megye'),
(7698, 'Kistolmács', 'Zala megye'),
(7699, 'Kistormás', 'Tolna megye'),
(7700, 'Kistótfalu', 'Baranya megye'),
(7701, 'Kisújszállás', 'Jász-Nagykun-Szolnok megye'),
(7702, 'Kisunyom', 'Vas megye'),
(7703, 'Kisvárda', 'Szabolcs-Szatmár-Bereg megye'),
(7704, 'Kisvarsány', 'Szabolcs-Szatmár-Bereg megye'),
(7705, 'Kisvásárhely', 'Zala megye'),
(7706, 'Kisvaszar', 'Baranya megye'),
(7707, 'Kisvejke', 'Tolna megye'),
(7708, 'Kiszombor', 'Csongrád megye'),
(7709, 'Kiszsidány', 'Vas megye'),
(7710, 'Klárafalva', 'Csongrád megye'),
(7711, 'Kocs', 'Komárom-Esztergom megye'),
(7712, 'Kocsér', 'Pest megye'),
(7713, 'Kocsola', 'Tolna megye'),
(7714, 'Kocsord', 'Szabolcs-Szatmár-Bereg megye'),
(7715, 'Kóka', 'Pest megye'),
(7716, 'Kokad', 'Hajdú-Bihar megye'),
(7717, 'Kolontár', 'Veszprém megye'),
(7718, 'Komádi', 'Hajdú-Bihar megye'),
(7719, 'Komárom', 'Komárom-Esztergom megye'),
(7720, 'Komjáti', 'Borsod-Abaúj-Zemplén megye'),
(7721, 'Komló', 'Baranya megye'),
(7722, 'Komlódtótfalu', 'Szabolcs-Szatmár-Bereg megye'),
(7723, 'Komlósd', 'Somogy megye'),
(7724, 'Komlóska', 'Borsod-Abaúj-Zemplén megye'),
(7725, 'Komoró', 'Szabolcs-Szatmár-Bereg megye'),
(7726, 'Kompolt', 'Heves megye'),
(7727, 'Kondó', 'Borsod-Abaúj-Zemplén megye'),
(7728, 'Kondorfa', 'Vas megye'),
(7729, 'Kondoros', 'Békés megye'),
(7730, 'Kóny', 'Győr-Moson-Sopron megye'),
(7731, 'Konyár', 'Hajdú-Bihar megye'),
(7732, 'Kópháza', 'Győr-Moson-Sopron megye'),
(7733, 'Koppányszántó', 'Tolna megye'),
(7734, 'Korlát', 'Borsod-Abaúj-Zemplén megye'),
(7735, 'Koroncó', 'Győr-Moson-Sopron megye'),
(7736, 'Kórós', 'Baranya megye'),
(7737, 'Kosd', 'Pest megye'),
(7738, 'Kóspallag', 'Pest megye'),
(7739, 'Kótaj', 'Szabolcs-Szatmár-Bereg megye'),
(7740, 'Kovácshida', 'Baranya megye'),
(7741, 'Kovácsszénája', 'Baranya megye'),
(7742, 'Kovácsvágás', 'Borsod-Abaúj-Zemplén megye'),
(7743, 'Kozárd', 'Nógrád megye'),
(7744, 'Kozármisleny', 'Baranya megye'),
(7745, 'Kozmadombja', 'Zala megye'),
(7746, 'Köblény', 'Baranya megye'),
(7747, 'Köcsk', 'Vas megye'),
(7748, 'Kökény', 'Baranya megye'),
(7749, 'Kőkút', 'Somogy megye'),
(7750, 'Kölcse', 'Szabolcs-Szatmár-Bereg megye'),
(7751, 'Kölesd', 'Tolna megye'),
(7752, 'Kölked', 'Baranya megye'),
(7753, 'Kömlő', 'Heves megye'),
(7754, 'Kömlőd', 'Komárom-Esztergom megye'),
(7755, 'Kömörő', 'Szabolcs-Szatmár-Bereg megye'),
(7756, 'Kömpöc', 'Bács-Kiskun megye'),
(7757, 'Körmend', 'Vas megye'),
(7758, 'Környe', 'Komárom-Esztergom megye'),
(7759, 'Köröm', 'Borsod-Abaúj-Zemplén megye'),
(7760, 'Kőröshegy', 'Somogy megye'),
(7761, 'Körösladány', 'Békés megye'),
(7762, 'Körösnagyharsány', 'Békés megye'),
(7763, 'Körösszakál', 'Hajdú-Bihar megye'),
(7764, 'Körösszegapáti', 'Hajdú-Bihar megye'),
(7765, 'Köröstarcsa', 'Békés megye'),
(7766, 'Kőröstetétlen', 'Pest megye'),
(7767, 'Körösújfalu', 'Békés megye'),
(7768, 'Kőszárhegy', 'Fejér megye'),
(7769, 'Kőszeg', 'Vas megye'),
(7770, 'Kőszegdoroszló', 'Vas megye'),
(7771, 'Kőszegpaty', 'Vas megye'),
(7772, 'Kőszegszerdahely', 'Vas megye'),
(7773, 'Kötcse', 'Somogy megye'),
(7774, 'Kötegyán', 'Békés megye'),
(7775, 'Kőtelek', 'Jász-Nagykun-Szolnok megye'),
(7776, 'Kővágóörs', 'Veszprém megye'),
(7777, 'Kővágószőlős', 'Baranya megye'),
(7778, 'Kővágótöttös', 'Baranya megye'),
(7779, 'Kövegy', 'Csongrád megye'),
(7780, 'Köveskál', 'Veszprém megye'),
(7781, 'Krasznokvajda', 'Borsod-Abaúj-Zemplén megye'),
(7782, 'Kulcs', 'Fejér megye'),
(7783, 'Kunadacs', 'Bács-Kiskun megye'),
(7784, 'Kunágota', 'Békés megye'),
(7785, 'Kunbaja', 'Bács-Kiskun megye'),
(7786, 'Kunbaracs', 'Bács-Kiskun megye'),
(7787, 'Kuncsorba', 'Jász-Nagykun-Szolnok megye'),
(7788, 'Kunfehértó', 'Bács-Kiskun megye'),
(7789, 'Kunhegyes', 'Jász-Nagykun-Szolnok megye'),
(7790, 'Kunmadaras', 'Jász-Nagykun-Szolnok megye'),
(7791, 'Kunpeszér', 'Bács-Kiskun megye'),
(7792, 'Kunszállás', 'Bács-Kiskun megye'),
(7793, 'Kunszentmárton', 'Jász-Nagykun-Szolnok megye'),
(7794, 'Kunszentmiklós', 'Bács-Kiskun megye'),
(7795, 'Kunsziget', 'Győr-Moson-Sopron megye'),
(7796, 'Kup', 'Veszprém megye'),
(7797, 'Kupa', 'Borsod-Abaúj-Zemplén megye'),
(7798, 'Kurd', 'Tolna megye'),
(7799, 'Kurityán', 'Borsod-Abaúj-Zemplén megye'),
(7800, 'Kustánszeg', 'Zala megye'),
(7801, 'Kutas', 'Somogy megye'),
(7802, 'Kutasó', 'Nógrád megye'),
(7803, 'Kübekháza', 'Csongrád megye'),
(7804, 'Külsősárd', 'Zala megye'),
(7805, 'Külsővat', 'Veszprém megye'),
(7806, 'Küngös', 'Veszprém megye'),
(7807, 'Lábatlan', 'Komárom-Esztergom megye'),
(7808, 'Lábod', 'Somogy megye'),
(7809, 'Lácacséke', 'Borsod-Abaúj-Zemplén megye'),
(7810, 'Lad', 'Somogy megye'),
(7811, 'Ladánybene', 'Bács-Kiskun megye'),
(7812, 'Ládbesenyő', 'Borsod-Abaúj-Zemplén megye'),
(7813, 'Lajoskomárom', 'Fejér megye'),
(7814, 'Lajosmizse', 'Bács-Kiskun megye'),
(7815, 'Lak', 'Borsod-Abaúj-Zemplén megye'),
(7816, 'Lakhegy', 'Zala megye'),
(7817, 'Lakitelek', 'Bács-Kiskun megye'),
(7818, 'Lakócsa', 'Somogy megye'),
(7819, 'Lánycsók', 'Baranya megye'),
(7820, 'Lápafő', 'Tolna megye'),
(7821, 'Lapáncsa', 'Baranya megye'),
(7822, 'Laskod', 'Szabolcs-Szatmár-Bereg megye'),
(7823, 'Lasztonya', 'Zala megye'),
(7824, 'Látrány', 'Somogy megye'),
(7825, 'Lázi', 'Győr-Moson-Sopron megye'),
(7826, 'Leányfalu', 'Pest megye'),
(7827, 'Leányvár', 'Komárom-Esztergom megye'),
(7828, 'Lébény', 'Győr-Moson-Sopron megye'),
(7829, 'Legénd', 'Nógrád megye'),
(7830, 'Legyesbénye', 'Borsod-Abaúj-Zemplén megye'),
(7831, 'Léh', 'Borsod-Abaúj-Zemplén megye'),
(7832, 'Lénárddaróc', 'Borsod-Abaúj-Zemplén megye'),
(7833, 'Lendvadedes', 'Zala megye'),
(7834, 'Lendvajakabfa', 'Zala megye'),
(7835, 'Lengyel', 'Tolna megye'),
(7836, 'Lengyeltóti', 'Somogy megye'),
(7837, 'Lenti', 'Zala megye'),
(7838, 'Lepsény', 'Fejér megye'),
(7839, 'Lesencefalu', 'Veszprém megye'),
(7840, 'Lesenceistvánd', 'Veszprém megye'),
(7841, 'Lesencetomaj', 'Veszprém megye'),
(7842, 'Létavértes', 'Hajdú-Bihar megye'),
(7843, 'Letenye', 'Zala megye'),
(7844, 'Letkés', 'Pest megye'),
(7845, 'Levél', 'Győr-Moson-Sopron megye'),
(7846, 'Levelek', 'Szabolcs-Szatmár-Bereg megye'),
(7847, 'Libickozma', 'Somogy megye'),
(7848, 'Lickóvadamos', 'Zala megye'),
(7849, 'Liget', 'Baranya megye'),
(7850, 'Ligetfalva', 'Zala megye'),
(7851, 'Lipót', 'Győr-Moson-Sopron megye'),
(7852, 'Lippó', 'Baranya megye'),
(7853, 'Liptód', 'Baranya megye'),
(7854, 'Lispeszentadorján', 'Zala megye'),
(7855, 'Liszó', 'Zala megye'),
(7856, 'Litér', 'Veszprém megye'),
(7857, 'Litka', 'Borsod-Abaúj-Zemplén megye'),
(7858, 'Litke', 'Nógrád megye'),
(7859, 'Lócs', 'Vas megye'),
(7860, 'Lókút', 'Veszprém megye'),
(7861, 'Lónya', 'Szabolcs-Szatmár-Bereg megye'),
(7862, 'Lórév', 'Pest megye'),
(7863, 'Lothárd', 'Baranya megye'),
(7864, 'Lovas', 'Veszprém megye'),
(7865, 'Lovasberény', 'Fejér megye'),
(7866, 'Lovászhetény', 'Baranya megye'),
(7867, 'Lovászi', 'Zala megye'),
(7868, 'Lovászpatona', 'Veszprém megye'),
(7869, 'Lőkösháza', 'Békés megye'),
(7870, 'Lőrinci', 'Heves megye'),
(7871, 'Lövő', 'Győr-Moson-Sopron megye'),
(7872, 'Lövőpetri', 'Szabolcs-Szatmár-Bereg megye'),
(7873, 'Lucfalva', 'Nógrád megye'),
(7874, 'Ludányhalászi', 'Nógrád megye'),
(7875, 'Ludas', 'Heves megye'),
(7876, 'Lukácsháza', 'Vas megye'),
(7877, 'Lulla', 'Somogy megye'),
(7878, 'Lúzsok', 'Baranya megye'),
(7879, 'Mád', 'Borsod-Abaúj-Zemplén megye'),
(7880, 'Madaras', 'Bács-Kiskun megye'),
(7881, 'Madocsa', 'Tolna megye'),
(7882, 'Maglóca', 'Győr-Moson-Sopron megye'),
(7883, 'Maglód', 'Pest megye'),
(7884, 'Mágocs', 'Baranya megye'),
(7885, 'Magosliget', 'Szabolcs-Szatmár-Bereg megye'),
(7886, 'Magy', 'Szabolcs-Szatmár-Bereg megye'),
(7887, 'Magyaralmás', 'Fejér megye'),
(7888, 'Magyaratád', 'Somogy megye'),
(7889, 'Magyarbánhegyes', 'Békés megye'),
(7890, 'Magyarbóly', 'Baranya megye'),
(7891, 'Magyarcsanád', 'Csongrád megye'),
(7892, 'Magyardombegyház', 'Békés megye'),
(7893, 'Magyaregregy', 'Baranya megye'),
(7894, 'Magyaregres', 'Somogy megye'),
(7895, 'Magyarföld', 'Zala megye'),
(7896, 'Magyargéc', 'Nógrád megye'),
(7897, 'Magyargencs', 'Veszprém megye'),
(7898, 'Magyarhertelend', 'Baranya megye'),
(7899, 'Magyarhomorog', 'Hajdú-Bihar megye'),
(7900, 'Magyarkeresztúr', 'Győr-Moson-Sopron megye'),
(7901, 'Magyarkeszi', 'Tolna megye'),
(7902, 'Magyarlak', 'Vas megye'),
(7903, 'Magyarlukafa', 'Baranya megye'),
(7904, 'Magyarmecske', 'Baranya megye'),
(7905, 'Magyarnádalja', 'Vas megye'),
(7906, 'Magyarnándor', 'Nógrád megye'),
(7907, 'Magyarpolány', 'Veszprém megye'),
(7908, 'Magyarsarlós', 'Baranya megye'),
(7909, 'Magyarszecsőd', 'Vas megye'),
(7910, 'Magyarszék', 'Baranya megye'),
(7911, 'Magyarszentmiklós', 'Zala megye'),
(7912, 'Magyarszerdahely', 'Zala megye'),
(7913, 'Magyarszombatfa', 'Vas megye'),
(7914, 'Magyartelek', 'Baranya megye'),
(7915, 'Majosháza', 'Pest megye'),
(7916, 'Majs', 'Baranya megye'),
(7917, 'Makád', 'Pest megye'),
(7918, 'Makkoshotyka', 'Borsod-Abaúj-Zemplén megye'),
(7919, 'Maklár', 'Heves megye'),
(7920, 'Makó', 'Csongrád megye'),
(7921, 'Malomsok', 'Veszprém megye'),
(7922, 'Mályi', 'Borsod-Abaúj-Zemplén megye'),
(7923, 'Mályinka', 'Borsod-Abaúj-Zemplén megye'),
(7924, 'Mánd', 'Szabolcs-Szatmár-Bereg megye'),
(7925, 'Mándok', 'Szabolcs-Szatmár-Bereg megye'),
(7926, 'Mánfa', 'Baranya megye'),
(7927, 'Mány', 'Fejér megye'),
(7928, 'Maráza', 'Baranya megye'),
(7929, 'Marcalgergelyi', 'Veszprém megye'),
(7930, 'Marcali', 'Somogy megye'),
(7931, 'Marcaltő', 'Veszprém megye'),
(7932, 'Márfa', 'Baranya megye'),
(7933, 'Máriahalom', 'Komárom-Esztergom megye'),
(7934, 'Máriakálnok', 'Győr-Moson-Sopron megye'),
(7935, 'Máriakéménd', 'Baranya megye'),
(7936, 'Márianosztra', 'Pest megye'),
(7937, 'Máriapócs', 'Szabolcs-Szatmár-Bereg megye'),
(7938, 'Markaz', 'Heves megye'),
(7939, 'Márkháza', 'Nógrád megye'),
(7940, 'Márkó', 'Veszprém megye'),
(7941, 'Markóc', 'Baranya megye'),
(7942, 'Markotabödöge', 'Győr-Moson-Sopron megye'),
(7943, 'Maróc', 'Zala megye'),
(7944, 'Marócsa', 'Baranya megye'),
(7945, 'Márok', 'Baranya megye'),
(7946, 'Márokföld', 'Zala megye'),
(7947, 'Márokpapi', 'Szabolcs-Szatmár-Bereg megye'),
(7948, 'Maroslele', 'Csongrád megye'),
(7949, 'Mártély', 'Csongrád megye'),
(7950, 'Martfű', 'Jász-Nagykun-Szolnok megye'),
(7951, 'Martonfa', 'Baranya megye'),
(7952, 'Martonvásár', 'Fejér megye'),
(7953, 'Martonyi', 'Borsod-Abaúj-Zemplén megye'),
(7954, 'Mátészalka', 'Szabolcs-Szatmár-Bereg megye'),
(7955, 'Mátételke', 'Bács-Kiskun megye'),
(7956, 'Mátraballa', 'Heves megye'),
(7957, 'Mátraderecske', 'Heves megye'),
(7958, 'Mátramindszent', 'Nógrád megye'),
(7959, 'Mátranovák', 'Nógrád megye'),
(7960, 'Mátraszele', 'Nógrád megye'),
(7961, 'Mátraszentimre', 'Heves megye'),
(7962, 'Mátraszőlős', 'Nógrád megye'),
(7963, 'Mátraterenye', 'Nógrád megye'),
(7964, 'Mátraverebély', 'Nógrád megye'),
(7965, 'Mátyásdomb', 'Fejér megye'),
(7966, 'Matty', 'Baranya megye'),
(7967, 'Mátyus', 'Szabolcs-Szatmár-Bereg megye'),
(7968, 'Máza', 'Baranya megye'),
(7969, 'Mecseknádasd', 'Baranya megye'),
(7970, 'Mecsekpölöske', 'Baranya megye'),
(7971, 'Mecsér', 'Győr-Moson-Sopron megye'),
(7972, 'Medgyesbodzás', 'Békés megye'),
(7973, 'Medgyesegyháza', 'Békés megye'),
(7974, 'Medina', 'Tolna megye'),
(7975, 'Megyaszó', 'Borsod-Abaúj-Zemplén megye'),
(7976, 'Megyehíd', 'Vas megye'),
(7977, 'Megyer', 'Veszprém megye'),
(7978, 'Meggyeskovácsi', 'Vas megye'),
(7979, 'Méhkerék', 'Békés megye'),
(7980, 'Méhtelek', 'Szabolcs-Szatmár-Bereg megye'),
(7981, 'Mekényes', 'Baranya megye'),
(7982, 'Mélykút', 'Bács-Kiskun megye'),
(7983, 'Mencshely', 'Veszprém megye'),
(7984, 'Mende', 'Pest megye'),
(7985, 'Méra', 'Borsod-Abaúj-Zemplén megye'),
(7986, 'Merenye', 'Baranya megye'),
(7987, 'Mérges', 'Győr-Moson-Sopron megye'),
(7988, 'Mérk', 'Szabolcs-Szatmár-Bereg megye'),
(7989, 'Mernye', 'Somogy megye'),
(7990, 'Mersevát', 'Vas megye'),
(7991, 'Mesterháza', 'Vas megye'),
(7992, 'Mesteri', 'Vas megye'),
(7993, 'Mesterszállás', 'Jász-Nagykun-Szolnok megye'),
(7994, 'Meszes', 'Borsod-Abaúj-Zemplén megye'),
(7995, 'Meszlen', 'Vas megye'),
(7996, 'Mesztegnyő', 'Somogy megye'),
(7997, 'Mezőberény', 'Békés megye'),
(7998, 'Mezőcsát', 'Borsod-Abaúj-Zemplén megye'),
(7999, 'Mezőcsokonya', 'Somogy megye'),
(8000, 'Meződ', 'Baranya megye'),
(8001, 'Mezőfalva', 'Fejér megye'),
(8002, 'Mezőgyán', 'Békés megye'),
(8003, 'Mezőhegyes', 'Békés megye'),
(8004, 'Mezőhék', 'Jász-Nagykun-Szolnok megye'),
(8005, 'Mezőkeresztes', 'Borsod-Abaúj-Zemplén megye'),
(8006, 'Mezőkomárom', 'Fejér megye'),
(8007, 'Mezőkovácsháza', 'Békés megye'),
(8008, 'Mezőkövesd', 'Borsod-Abaúj-Zemplén megye'),
(8009, 'Mezőladány', 'Szabolcs-Szatmár-Bereg megye'),
(8010, 'Mezőlak', 'Veszprém megye'),
(8011, 'Mezőnagymihály', 'Borsod-Abaúj-Zemplén megye'),
(8012, 'Mezőnyárád', 'Borsod-Abaúj-Zemplén megye'),
(8013, 'Mezőörs', 'Győr-Moson-Sopron megye'),
(8014, 'Mezőpeterd', 'Hajdú-Bihar megye'),
(8015, 'Mezősas', 'Hajdú-Bihar megye'),
(8016, 'Mezőszemere', 'Heves megye'),
(8017, 'Mezőszentgyörgy', 'Fejér megye'),
(8018, 'Mezőszilas', 'Fejér megye'),
(8019, 'Mezőtárkány', 'Heves megye'),
(8020, 'Mezőtúr', 'Jász-Nagykun-Szolnok megye'),
(8021, 'Mezőzombor', 'Borsod-Abaúj-Zemplén megye'),
(8022, 'Miháld', 'Zala megye'),
(8023, 'Mihályfa', 'Zala megye'),
(8024, 'Mihálygerge', 'Nógrád megye'),
(8025, 'Mihályháza', 'Veszprém megye'),
(8026, 'Mihályi', 'Győr-Moson-Sopron megye'),
(8027, 'Mike', 'Somogy megye'),
(8028, 'Mikebuda', 'Pest megye'),
(8029, 'Mikekarácsonyfa', 'Zala megye'),
(8030, 'Mikepércs', 'Hajdú-Bihar megye'),
(8031, 'Miklósi', 'Somogy megye'),
(8032, 'Mikófalva', 'Heves megye'),
(8033, 'Mikóháza', 'Borsod-Abaúj-Zemplén megye'),
(8034, 'Mikosszéplak', 'Vas megye'),
(8035, 'Milejszeg', 'Zala megye'),
(8036, 'Milota', 'Szabolcs-Szatmár-Bereg megye'),
(8037, 'Mindszent', 'Csongrád megye'),
(8038, 'Mindszentgodisa', 'Baranya megye'),
(8039, 'Mindszentkálla', 'Veszprém megye'),
(8040, 'Misefa', 'Zala megye'),
(8041, 'Miske', 'Bács-Kiskun megye'),
(8042, 'Miskolc', 'Borsod-Abaúj-Zemplén megye'),
(8043, 'Miszla', 'Tolna megye'),
(8044, 'Mocsa', 'Komárom-Esztergom megye'),
(8045, 'Mogyoród', 'Pest megye'),
(8046, 'Mogyorósbánya', 'Komárom-Esztergom megye'),
(8047, 'Mogyoróska', 'Borsod-Abaúj-Zemplén megye'),
(8048, 'Moha', 'Fejér megye'),
(8049, 'Mohács', 'Baranya megye'),
(8050, 'Mohora', 'Nógrád megye'),
(8051, 'Molnári', 'Zala megye'),
(8052, 'Molnaszecsőd', 'Vas megye'),
(8053, 'Molvány', 'Baranya megye'),
(8054, 'Monaj', 'Borsod-Abaúj-Zemplén megye'),
(8055, 'Monok', 'Borsod-Abaúj-Zemplén megye'),
(8056, 'Monor', 'Pest megye'),
(8057, 'Monorierdő', 'Pest megye'),
(8058, 'Mónosbél', 'Heves megye'),
(8059, 'Monostorapáti', 'Veszprém megye'),
(8060, 'Monostorpályi', 'Hajdú-Bihar megye'),
(8061, 'Monoszló', 'Veszprém megye'),
(8062, 'Monyoród', 'Baranya megye'),
(8063, 'Mór', 'Fejér megye'),
(8064, 'Mórágy', 'Tolna megye'),
(8065, 'Mórahalom', 'Csongrád megye'),
(8066, 'Móricgát', 'Bács-Kiskun megye'),
(8067, 'Mórichida', 'Győr-Moson-Sopron megye'),
(8068, 'Mosdós', 'Somogy megye'),
(8069, 'Mosonmagyaróvár', 'Győr-Moson-Sopron megye'),
(8070, 'Mosonszentmiklós', 'Győr-Moson-Sopron megye'),
(8071, 'Mosonszolnok', 'Győr-Moson-Sopron megye'),
(8072, 'Mozsgó', 'Baranya megye'),
(8073, 'Mőcsény', 'Tolna megye'),
(8074, 'Mucsfa', 'Tolna megye'),
(8075, 'Mucsi', 'Tolna megye'),
(8076, 'Múcsony', 'Borsod-Abaúj-Zemplén megye'),
(8077, 'Muhi', 'Borsod-Abaúj-Zemplén megye'),
(8078, 'Murakeresztúr', 'Zala megye'),
(8079, 'Murarátka', 'Zala megye'),
(8080, 'Muraszemenye', 'Zala megye'),
(8081, 'Murga', 'Tolna megye'),
(8082, 'Murony', 'Békés megye'),
(8083, 'Nábrád', 'Szabolcs-Szatmár-Bereg megye'),
(8084, 'Nadap', 'Fejér megye'),
(8085, 'Nádasd', 'Vas megye'),
(8086, 'Nádasdladány', 'Fejér megye'),
(8087, 'Nádudvar', 'Hajdú-Bihar megye'),
(8088, 'Nágocs', 'Somogy megye'),
(8089, 'Nagyacsád', 'Veszprém megye'),
(8090, 'Nagyalásony', 'Veszprém megye'),
(8091, 'Nagyar', 'Szabolcs-Szatmár-Bereg megye'),
(8092, 'Nagyatád', 'Somogy megye'),
(8093, 'Nagybajcs', 'Győr-Moson-Sopron megye'),
(8094, 'Nagybajom', 'Somogy megye'),
(8095, 'Nagybakónak', 'Zala megye'),
(8096, 'Nagybánhegyes', 'Békés megye'),
(8097, 'Nagybaracska', 'Bács-Kiskun megye'),
(8098, 'Nagybarca', 'Borsod-Abaúj-Zemplén megye'),
(8099, 'Nagybárkány', 'Nógrád megye'),
(8100, 'Nagyberény', 'Somogy megye'),
(8101, 'Nagyberki', 'Somogy megye'),
(8102, 'Nagybörzsöny', 'Pest megye'),
(8103, 'Nagybudmér', 'Baranya megye'),
(8104, 'Nagycenk', 'Győr-Moson-Sopron megye'),
(8105, 'Nagycsány', 'Baranya megye'),
(8106, 'Nagycsécs', 'Borsod-Abaúj-Zemplén megye'),
(8107, 'Nagycsepely', 'Somogy megye'),
(8108, 'Nagycserkesz', 'Szabolcs-Szatmár-Bereg megye'),
(8109, 'Nagydém', 'Veszprém megye'),
(8110, 'Nagydobos', 'Szabolcs-Szatmár-Bereg megye'),
(8111, 'Nagydobsza', 'Baranya megye'),
(8112, 'Nagydorog', 'Tolna megye'),
(8113, 'Nagyecsed', 'Szabolcs-Szatmár-Bereg megye'),
(8114, 'Nagyér', 'Csongrád megye'),
(8115, 'Nagyesztergár', 'Veszprém megye'),
(8116, 'Nagyfüged', 'Heves megye'),
(8117, 'Nagygeresd', 'Vas megye'),
(8118, 'Nagygörbő', 'Zala megye'),
(8119, 'Nagygyimót', 'Veszprém megye'),
(8120, 'Nagyhajmás', 'Baranya megye'),
(8121, 'Nagyhalász', 'Szabolcs-Szatmár-Bereg megye'),
(8122, 'Nagyharsány', 'Baranya megye'),
(8123, 'Nagyhegyes', 'Hajdú-Bihar megye'),
(8124, 'Nagyhódos', 'Szabolcs-Szatmár-Bereg megye'),
(8125, 'Nagyhuta', 'Borsod-Abaúj-Zemplén megye'),
(8126, 'Nagyigmánd', 'Komárom-Esztergom megye'),
(8127, 'Nagyiván', 'Jász-Nagykun-Szolnok megye'),
(8128, 'Nagykálló', 'Szabolcs-Szatmár-Bereg megye'),
(8129, 'Nagykamarás', 'Békés megye'),
(8130, 'Nagykanizsa', 'Zala megye'),
(8131, 'Nagykapornak', 'Zala megye'),
(8132, 'Nagykarácsony', 'Fejér megye'),
(8133, 'Nagykáta', 'Pest megye'),
(8134, 'Nagykereki', 'Hajdú-Bihar megye'),
(8135, 'Nagykeresztúr', 'Nógrád megye'),
(8136, 'Nagykinizs', 'Borsod-Abaúj-Zemplén megye'),
(8137, 'Nagykónyi', 'Tolna megye'),
(8138, 'Nagykorpád', 'Somogy megye'),
(8139, 'Nagykovácsi', 'Pest megye'),
(8140, 'Nagykozár', 'Baranya megye'),
(8141, 'Nagykökényes', 'Heves megye'),
(8142, 'Nagykölked', 'Vas megye'),
(8143, 'Nagykőrös', 'Pest megye'),
(8144, 'Nagykörű', 'Jász-Nagykun-Szolnok megye'),
(8145, 'Nagykutas', 'Zala megye'),
(8146, 'Nagylak', 'Csongrád megye'),
(8147, 'Nagylengyel', 'Zala megye'),
(8148, 'Nagylóc', 'Nógrád megye'),
(8149, 'Nagylók', 'Fejér megye'),
(8150, 'Nagylózs', 'Győr-Moson-Sopron megye'),
(8151, 'Nagymágocs', 'Csongrád megye'),
(8152, 'Nagymányok', 'Tolna megye'),
(8153, 'Nagymaros', 'Pest megye'),
(8154, 'Nagymizdó', 'Vas megye'),
(8155, 'Nagynyárád', 'Baranya megye'),
(8156, 'Nagyoroszi', 'Nógrád megye'),
(8157, 'Nagypáli', 'Zala megye'),
(8158, 'Nagypall', 'Baranya megye'),
(8159, 'Nagypeterd', 'Baranya megye'),
(8160, 'Nagypirit', 'Veszprém megye'),
(8161, 'Nagyrábé', 'Hajdú-Bihar megye'),
(8162, 'Nagyrada', 'Zala megye'),
(8163, 'Nagyrákos', 'Vas megye'),
(8164, 'Nagyrécse', 'Zala megye'),
(8165, 'Nagyréde', 'Heves megye'),
(8166, 'Nagyrév', 'Jász-Nagykun-Szolnok megye'),
(8167, 'Nagyrozvágy', 'Borsod-Abaúj-Zemplén megye'),
(8168, 'Nagysáp', 'Komárom-Esztergom megye'),
(8169, 'Nagysimonyi', 'Vas megye'),
(8170, 'Nagyszakácsi', 'Somogy megye'),
(8171, 'Nagyszékely', 'Tolna megye'),
(8172, 'Nagyszekeres', 'Szabolcs-Szatmár-Bereg megye'),
(8173, 'Nagyszénás', 'Békés megye'),
(8174, 'Nagyszentjános', 'Győr-Moson-Sopron megye'),
(8175, 'Nagyszokoly', 'Tolna megye'),
(8176, 'Nagytálya', 'Heves megye'),
(8177, 'Nagytarcsa', 'Pest megye'),
(8178, 'Nagytevel', 'Veszprém megye'),
(8179, 'Nagytilaj', 'Vas megye'),
(8180, 'Nagytótfalu', 'Baranya megye'),
(8181, 'Nagytőke', 'Csongrád megye'),
(8182, 'Nagyút', 'Heves megye'),
(8183, 'Nagyvarsány', 'Szabolcs-Szatmár-Bereg megye'),
(8184, 'Nagyváty', 'Baranya megye'),
(8185, 'Nagyvázsony', 'Veszprém megye'),
(8186, 'Nagyvejke', 'Tolna megye'),
(8187, 'Nagyveleg', 'Fejér megye'),
(8188, 'Nagyvenyim', 'Fejér megye'),
(8189, 'Nagyvisnyó', 'Heves megye'),
(8190, 'Nak', 'Tolna megye'),
(8191, 'Napkor', 'Szabolcs-Szatmár-Bereg megye'),
(8192, 'Nárai', 'Vas megye'),
(8193, 'Narda', 'Vas megye'),
(8194, 'Naszály', 'Komárom-Esztergom megye'),
(8195, 'Négyes', 'Borsod-Abaúj-Zemplén megye'),
(8196, 'Nekézseny', 'Borsod-Abaúj-Zemplén megye'),
(8197, 'Nemesapáti', 'Zala megye'),
(8198, 'Nemesbikk', 'Borsod-Abaúj-Zemplén megye'),
(8199, 'Nemesborzova', 'Szabolcs-Szatmár-Bereg megye'),
(8200, 'Nemesbőd', 'Vas megye'),
(8201, 'Nemesbük', 'Zala megye'),
(8202, 'Nemescsó', 'Vas megye'),
(8203, 'Nemesdéd', 'Somogy megye'),
(8204, 'Nemesgörzsöny', 'Veszprém megye'),
(8205, 'Nemesgulács', 'Veszprém megye'),
(8206, 'Nemeshany', 'Veszprém megye'),
(8207, 'Nemeshetés', 'Zala megye'),
(8208, 'Nemeske', 'Baranya megye'),
(8209, 'Nemeskér', 'Győr-Moson-Sopron megye'),
(8210, 'Nemeskeresztúr', 'Vas megye'),
(8211, 'Nemeskisfalud', 'Somogy megye'),
(8212, 'Nemeskocs', 'Vas megye'),
(8213, 'Nemeskolta', 'Vas megye'),
(8214, 'Nemesládony', 'Vas megye'),
(8215, 'Nemesmedves', 'Vas megye'),
(8216, 'Nemesnádudvar', 'Bács-Kiskun megye'),
(8217, 'Nemesnép', 'Zala megye'),
(8218, 'Nemespátró', 'Zala megye'),
(8219, 'Nemesrádó', 'Zala megye'),
(8220, 'Nemesrempehollós', 'Vas megye'),
(8221, 'Nemessándorháza', 'Zala megye'),
(8222, 'Nemesszalók', 'Veszprém megye'),
(8223, 'Nemesszentandrás', 'Zala megye'),
(8224, 'Nemesvámos', 'Veszprém megye'),
(8225, 'Nemesvid', 'Somogy megye'),
(8226, 'Nemesvita', 'Veszprém megye'),
(8227, 'Németbánya', 'Veszprém megye'),
(8228, 'Németfalu', 'Zala megye'),
(8229, 'Németkér', 'Tolna megye'),
(8230, 'Nemti', 'Nógrád megye'),
(8231, 'Neszmély', 'Komárom-Esztergom megye'),
(8232, 'Nézsa', 'Nógrád megye'),
(8233, 'Nick', 'Vas megye'),
(8234, 'Nikla', 'Somogy megye'),
(8235, 'Nógrád', 'Nógrád megye'),
(8236, 'Nógrádkövesd', 'Nógrád megye'),
(8237, 'Nógrádmarcal', 'Nógrád megye'),
(8238, 'Nógrádmegyer', 'Nógrád megye'),
(8239, 'Nógrádsáp', 'Nógrád megye'),
(8240, 'Nógrádsipek', 'Nógrád megye'),
(8241, 'Nógrádszakál', 'Nógrád megye'),
(8242, 'Nóráp', 'Veszprém megye'),
(8243, 'Noszlop', 'Veszprém megye'),
(8244, 'Noszvaj', 'Heves megye'),
(8245, 'Nova', 'Zala megye'),
(8246, 'Novaj', 'Heves megye'),
(8247, 'Novajidrány', 'Borsod-Abaúj-Zemplén megye'),
(8248, 'Nőtincs', 'Nógrád megye'),
(8249, 'Nyalka', 'Győr-Moson-Sopron megye'),
(8250, 'Nyárád', 'Veszprém megye'),
(8251, 'Nyáregyháza', 'Pest megye'),
(8252, 'Nyárlőrinc', 'Bács-Kiskun megye'),
(8253, 'Nyársapát', 'Pest megye'),
(8254, 'Nyékládháza', 'Borsod-Abaúj-Zemplén megye'),
(8255, 'Nyergesújfalu', 'Komárom-Esztergom megye'),
(8256, 'Nyésta', 'Borsod-Abaúj-Zemplén megye'),
(8257, 'Nyim', 'Somogy megye'),
(8258, 'Nyírábrány', 'Hajdú-Bihar megye'),
(8259, 'Nyíracsád', 'Hajdú-Bihar megye'),
(8260, 'Nyirád', 'Veszprém megye'),
(8261, 'Nyíradony', 'Hajdú-Bihar megye'),
(8262, 'Nyírbátor', 'Szabolcs-Szatmár-Bereg megye'),
(8263, 'Nyírbéltek', 'Szabolcs-Szatmár-Bereg megye'),
(8264, 'Nyírbogát', 'Szabolcs-Szatmár-Bereg megye'),
(8265, 'Nyírbogdány', 'Szabolcs-Szatmár-Bereg megye'),
(8266, 'Nyírcsaholy', 'Szabolcs-Szatmár-Bereg megye'),
(8267, 'Nyírcsászári', 'Szabolcs-Szatmár-Bereg megye'),
(8268, 'Nyírderzs', 'Szabolcs-Szatmár-Bereg megye'),
(8269, 'Nyíregyháza', 'Szabolcs-Szatmár-Bereg megye'),
(8270, 'Nyírgelse', 'Szabolcs-Szatmár-Bereg megye'),
(8271, 'Nyírgyulaj', 'Szabolcs-Szatmár-Bereg megye'),
(8272, 'Nyíri', 'Borsod-Abaúj-Zemplén megye'),
(8273, 'Nyíribrony', 'Szabolcs-Szatmár-Bereg megye'),
(8274, 'Nyírjákó', 'Szabolcs-Szatmár-Bereg megye'),
(8275, 'Nyírkarász', 'Szabolcs-Szatmár-Bereg megye'),
(8276, 'Nyírkáta', 'Szabolcs-Szatmár-Bereg megye'),
(8277, 'Nyírkércs', 'Szabolcs-Szatmár-Bereg megye'),
(8278, 'Nyírlövő', 'Szabolcs-Szatmár-Bereg megye'),
(8279, 'Nyírlugos', 'Szabolcs-Szatmár-Bereg megye'),
(8280, 'Nyírmada', 'Szabolcs-Szatmár-Bereg megye'),
(8281, 'Nyírmártonfalva', 'Hajdú-Bihar megye'),
(8282, 'Nyírmeggyes', 'Szabolcs-Szatmár-Bereg megye'),
(8283, 'Nyírmihálydi', 'Szabolcs-Szatmár-Bereg megye'),
(8284, 'Nyírparasznya', 'Szabolcs-Szatmár-Bereg megye'),
(8285, 'Nyírpazony', 'Szabolcs-Szatmár-Bereg megye'),
(8286, 'Nyírpilis', 'Szabolcs-Szatmár-Bereg megye'),
(8287, 'Nyírtass', 'Szabolcs-Szatmár-Bereg megye'),
(8288, 'Nyírtelek', 'Szabolcs-Szatmár-Bereg megye'),
(8289, 'Nyírtét', 'Szabolcs-Szatmár-Bereg megye'),
(8290, 'Nyírtura', 'Szabolcs-Szatmár-Bereg megye'),
(8291, 'Nyírvasvári', 'Szabolcs-Szatmár-Bereg megye'),
(8292, 'Nyomár', 'Borsod-Abaúj-Zemplén megye'),
(8293, 'Nyőgér', 'Vas megye'),
(8294, 'Nyugotszenterzsébet', 'Baranya megye'),
(8295, 'Nyúl', 'Győr-Moson-Sopron megye'),
(8296, 'Óbánya', 'Baranya megye'),
(8297, 'Óbarok', 'Fejér megye'),
(8298, 'Óbudavár', 'Veszprém megye'),
(8299, 'Ócsa', 'Pest megye'),
(8300, 'Ócsárd', 'Baranya megye'),
(8301, 'Ófalu', 'Baranya megye'),
(8302, 'Ófehértó', 'Szabolcs-Szatmár-Bereg megye'),
(8303, 'Óföldeák', 'Csongrád megye'),
(8304, 'Óhíd', 'Zala megye'),
(8305, 'Okány', 'Békés megye'),
(8306, 'Okorág', 'Baranya megye'),
(8307, 'Okorvölgy', 'Baranya megye'),
(8308, 'Olasz', 'Baranya megye'),
(8309, 'Olaszfa', 'Vas megye'),
(8310, 'Olaszfalu', 'Veszprém megye'),
(8311, 'Olaszliszka', 'Borsod-Abaúj-Zemplén megye'),
(8312, 'Olcsva', 'Szabolcs-Szatmár-Bereg megye'),
(8313, 'Olcsvaapáti', 'Szabolcs-Szatmár-Bereg megye'),
(8314, 'Old', 'Baranya megye'),
(8315, 'Ólmod', 'Vas megye'),
(8316, 'Oltárc', 'Zala megye'),
(8317, 'Onga', 'Borsod-Abaúj-Zemplén megye'),
(8318, 'Ónod', 'Borsod-Abaúj-Zemplén megye'),
(8319, 'Ópályi', 'Szabolcs-Szatmár-Bereg megye'),
(8320, 'Ópusztaszer', 'Csongrád megye'),
(8321, 'Orbányosfa', 'Zala megye'),
(8322, 'Orci', 'Somogy megye'),
(8323, 'Ordacsehi', 'Somogy megye'),
(8324, 'Ordas', 'Bács-Kiskun megye'),
(8325, 'Orfalu', 'Vas megye'),
(8326, 'Orfű', 'Baranya megye'),
(8327, 'Orgovány', 'Bács-Kiskun megye'),
(8328, 'Ormándlak', 'Zala megye'),
(8329, 'Ormosbánya', 'Borsod-Abaúj-Zemplén megye'),
(8330, 'Orosháza', 'Békés megye'),
(8331, 'Oroszi', 'Veszprém megye'),
(8332, 'Oroszlány', 'Komárom-Esztergom megye'),
(8333, 'Oroszló', 'Baranya megye'),
(8334, 'Orosztony', 'Zala megye'),
(8335, 'Ortaháza', 'Zala megye'),
(8336, 'Osli', 'Győr-Moson-Sopron megye'),
(8337, 'Ostffyasszonyfa', 'Vas megye'),
(8338, 'Ostoros', 'Heves megye'),
(8339, 'Oszkó', 'Vas megye'),
(8340, 'Oszlár', 'Borsod-Abaúj-Zemplén megye'),
(8341, 'Osztopán', 'Somogy megye'),
(8342, 'Ózd', 'Borsod-Abaúj-Zemplén megye'),
(8343, 'Ózdfalu', 'Baranya megye'),
(8344, 'Ozmánbük', 'Zala megye'),
(8345, 'Ozora', 'Tolna megye'),
(8346, 'Öcs', 'Veszprém megye'),
(8347, 'Őcsény', 'Tolna megye'),
(8348, 'Öcsöd', 'Jász-Nagykun-Szolnok megye'),
(8349, 'Ököritófülpös', 'Szabolcs-Szatmár-Bereg megye'),
(8350, 'Ölbő', 'Vas megye'),
(8351, 'Ömböly', 'Szabolcs-Szatmár-Bereg megye'),
(8352, 'Őr', 'Szabolcs-Szatmár-Bereg megye'),
(8353, 'Őrbottyán', 'Pest megye'),
(8354, 'Öregcsertő', 'Bács-Kiskun megye'),
(8355, 'Öreglak', 'Somogy megye'),
(8356, 'Őrhalom', 'Nógrád megye'),
(8357, 'Őrimagyarósd', 'Vas megye'),
(8358, 'Őriszentpéter', 'Vas megye'),
(8359, 'Örkény', 'Pest megye'),
(8360, 'Örményes', 'Jász-Nagykun-Szolnok megye'),
(8361, 'Örménykút', 'Békés megye'),
(8362, 'Őrtilos', 'Somogy megye'),
(8363, 'Örvényes', 'Veszprém megye'),
(8364, 'Ősagárd', 'Nógrád megye'),
(8365, 'Ősi', 'Veszprém megye'),
(8366, 'Öskü', 'Veszprém megye'),
(8367, 'Öttevény', 'Győr-Moson-Sopron megye'),
(8368, 'Öttömös', 'Csongrád megye'),
(8369, 'Ötvöskónyi', 'Somogy megye'),
(8370, 'Pácin', 'Borsod-Abaúj-Zemplén megye'),
(8371, 'Pacsa', 'Zala megye'),
(8372, 'Pácsony', 'Vas megye'),
(8373, 'Padár', 'Zala megye'),
(8374, 'Páhi', 'Bács-Kiskun megye'),
(8375, 'Páka', 'Zala megye'),
(8376, 'Pakod', 'Zala megye'),
(8377, 'Pákozd', 'Fejér megye'),
(8378, 'Paks', 'Tolna megye'),
(8379, 'Palé', 'Baranya megye'),
(8380, 'Pálfa', 'Tolna megye'),
(8381, 'Pálfiszeg', 'Zala megye'),
(8382, 'Pálháza', 'Borsod-Abaúj-Zemplén megye'),
(8383, 'Páli', 'Győr-Moson-Sopron megye'),
(8384, 'Palkonya', 'Baranya megye'),
(8385, 'Pálmajor', 'Somogy megye'),
(8386, 'Pálmonostora', 'Bács-Kiskun megye'),
(8387, 'Pálosvörösmart', 'Heves megye'),
(8388, 'Palotabozsok', 'Baranya megye'),
(8389, 'Palotás', 'Nógrád megye'),
(8390, 'Paloznak', 'Veszprém megye'),
(8391, 'Pamlény', 'Borsod-Abaúj-Zemplén megye'),
(8392, 'Pamuk', 'Somogy megye'),
(8393, 'Pánd', 'Pest megye'),
(8394, 'Pankasz', 'Vas megye'),
(8395, 'Pannonhalma', 'Győr-Moson-Sopron megye'),
(8396, 'Pányok', 'Borsod-Abaúj-Zemplén megye'),
(8397, 'Panyola', 'Szabolcs-Szatmár-Bereg megye'),
(8398, 'Pap', 'Szabolcs-Szatmár-Bereg megye'),
(8399, 'Pápa', 'Veszprém megye'),
(8400, 'Pápadereske', 'Veszprém megye'),
(8401, 'Pápakovácsi', 'Veszprém megye'),
(8402, 'Pápasalamon', 'Veszprém megye'),
(8403, 'Pápateszér', 'Veszprém megye'),
(8404, 'Papkeszi', 'Veszprém megye'),
(8405, 'Pápoc', 'Vas megye'),
(8406, 'Papos', 'Szabolcs-Szatmár-Bereg megye'),
(8407, 'Páprád', 'Baranya megye'),
(8408, 'Parád', 'Heves megye'),
(8409, 'Parádsasvár', 'Heves megye'),
(8410, 'Parasznya', 'Borsod-Abaúj-Zemplén megye'),
(8411, 'Pári', 'Tolna megye'),
(8412, 'Paszab', 'Szabolcs-Szatmár-Bereg megye'),
(8413, 'Pásztó', 'Nógrád megye'),
(8414, 'Pásztori', 'Győr-Moson-Sopron megye'),
(8415, 'Pat', 'Zala megye'),
(8416, 'Patak', 'Nógrád megye'),
(8417, 'Patalom', 'Somogy megye'),
(8418, 'Patapoklosi', 'Baranya megye'),
(8419, 'Patca', 'Somogy megye'),
(8420, 'Pátka', 'Fejér megye'),
(8421, 'Patosfa', 'Somogy megye'),
(8422, 'Pátroha', 'Szabolcs-Szatmár-Bereg megye'),
(8423, 'Patvarc', 'Nógrád megye'),
(8424, 'Páty', 'Pest megye'),
(8425, 'Pátyod', 'Szabolcs-Szatmár-Bereg megye'),
(8426, 'Pázmánd', 'Fejér megye'),
(8427, 'Pázmándfalu', 'Győr-Moson-Sopron megye'),
(8428, 'Pécel', 'Pest megye'),
(8429, 'Pecöl', 'Vas megye'),
(8430, 'Pécs', 'Baranya megye'),
(8431, 'Pécsbagota', 'Baranya megye'),
(8432, 'Pécsdevecser', 'Baranya megye'),
(8433, 'Pécsely', 'Veszprém megye'),
(8434, 'Pécsudvard', 'Baranya megye'),
(8435, 'Pécsvárad', 'Baranya megye'),
(8436, 'Pellérd', 'Baranya megye'),
(8437, 'Pély', 'Heves megye'),
(8438, 'Penc', 'Pest megye'),
(8439, 'Penészlek', 'Szabolcs-Szatmár-Bereg megye'),
(8440, 'Pénzesgyőr', 'Veszprém megye'),
(8441, 'Penyige', 'Szabolcs-Szatmár-Bereg megye'),
(8442, 'Pér', 'Győr-Moson-Sopron megye'),
(8443, 'Perbál', 'Pest megye'),
(8444, 'Pere', 'Borsod-Abaúj-Zemplén megye'),
(8445, 'Perecse', 'Borsod-Abaúj-Zemplén megye'),
(8446, 'Pereked', 'Baranya megye'),
(8447, 'Perenye', 'Vas megye'),
(8448, 'Peresznye', 'Vas megye'),
(8449, 'Pereszteg', 'Győr-Moson-Sopron megye'),
(8450, 'Perkáta', 'Fejér megye'),
(8451, 'Perkupa', 'Borsod-Abaúj-Zemplén megye'),
(8452, 'Perőcsény', 'Pest megye'),
(8453, 'Peterd', 'Baranya megye'),
(8454, 'Péterhida', 'Somogy megye'),
(8455, 'Péteri', 'Pest megye'),
(8456, 'Pétervására', 'Heves megye'),
(8457, 'Pétfürdő', 'Veszprém megye'),
(8458, 'Pethőhenye', 'Zala megye'),
(8459, 'Petneháza', 'Szabolcs-Szatmár-Bereg megye'),
(8460, 'Petőfibánya', 'Heves megye'),
(8461, 'Petőfiszállás', 'Bács-Kiskun megye'),
(8462, 'Petőháza', 'Győr-Moson-Sopron megye'),
(8463, 'Petőmihályfa', 'Vas megye'),
(8464, 'Petrikeresztúr', 'Zala megye'),
(8465, 'Petrivente', 'Zala megye'),
(8466, 'Pettend', 'Baranya megye'),
(8467, 'Piliny', 'Nógrád megye'),
(8468, 'Pilis', 'Pest megye'),
(8469, 'Pilisborosjenő', 'Pest megye'),
(8470, 'Piliscsaba', 'Pest megye'),
(8471, 'Piliscsév', 'Komárom-Esztergom megye'),
(8472, 'Pilisjászfalu', 'Pest megye'),
(8473, 'Pilismarót', 'Komárom-Esztergom megye'),
(8474, 'Pilisszántó', 'Pest megye'),
(8475, 'Pilisszentiván', 'Pest megye'),
(8476, 'Pilisszentkereszt', 'Pest megye'),
(8477, 'Pilisszentlászló', 'Pest megye'),
(8478, 'Pilisvörösvár', 'Pest megye'),
(8479, 'Pincehely', 'Tolna megye'),
(8480, 'Pinkamindszent', 'Vas megye'),
(8481, 'Pinnye', 'Győr-Moson-Sopron megye'),
(8482, 'Piricse', 'Szabolcs-Szatmár-Bereg megye'),
(8483, 'Pirtó', 'Bács-Kiskun megye'),
(8484, 'Piskó', 'Baranya megye'),
(8485, 'Pitvaros', 'Csongrád megye'),
(8486, 'Pócsa', 'Baranya megye'),
(8487, 'Pocsaj', 'Hajdú-Bihar megye'),
(8488, 'Pócsmegyer', 'Pest megye'),
(8489, 'Pócspetri', 'Szabolcs-Szatmár-Bereg megye'),
(8490, 'Pogány', 'Baranya megye'),
(8491, 'Pogányszentpéter', 'Somogy megye'),
(8492, 'Pókaszepetk', 'Zala megye'),
(8493, 'Polány', 'Somogy megye'),
(8494, 'Polgár', 'Hajdú-Bihar megye'),
(8495, 'Polgárdi', 'Fejér megye'),
(8496, 'Pomáz', 'Pest megye'),
(8497, 'Porcsalma', 'Szabolcs-Szatmár-Bereg megye'),
(8498, 'Pornóapáti', 'Vas megye'),
(8499, 'Poroszló', 'Heves megye'),
(8500, 'Porpác', 'Vas megye'),
(8501, 'Porrog', 'Somogy megye'),
(8502, 'Porrogszentkirály', 'Somogy megye'),
(8503, 'Porrogszentpál', 'Somogy megye'),
(8504, 'Pórszombat', 'Zala megye'),
(8505, 'Porva', 'Veszprém megye'),
(8506, 'Pósfa', 'Vas megye'),
(8507, 'Potony', 'Somogy megye'),
(8508, 'Potyond', 'Győr-Moson-Sopron megye'),
(8509, 'Pölöske', 'Zala megye'),
(8510, 'Pölöskefő', 'Zala megye'),
(8511, 'Pörböly', 'Tolna megye'),
(8512, 'Pördefölde', 'Zala megye'),
(8513, 'Pötréte', 'Zala megye'),
(8514, 'Prügy', 'Borsod-Abaúj-Zemplén megye'),
(8515, 'Pula', 'Veszprém megye'),
(8516, 'Pusztaapáti', 'Zala megye'),
(8517, 'Pusztaberki', 'Nógrád megye'),
(8518, 'Pusztacsalád', 'Győr-Moson-Sopron megye'),
(8519, 'Pusztacsó', 'Vas megye'),
(8520, 'Pusztadobos', 'Szabolcs-Szatmár-Bereg megye'),
(8521, 'Pusztaederics', 'Zala megye'),
(8522, 'Pusztafalu', 'Borsod-Abaúj-Zemplén megye'),
(8523, 'Pusztaföldvár', 'Békés megye'),
(8524, 'Pusztahencse', 'Tolna megye'),
(8525, 'Pusztakovácsi', 'Somogy megye'),
(8526, 'Pusztamagyaród', 'Zala megye'),
(8527, 'Pusztamérges', 'Csongrád megye'),
(8528, 'Pusztamiske', 'Veszprém megye'),
(8529, 'Pusztamonostor', 'Jász-Nagykun-Szolnok megye'),
(8530, 'Pusztaottlaka', 'Békés megye'),
(8531, 'Pusztaradvány', 'Borsod-Abaúj-Zemplén megye'),
(8532, 'Pusztaszabolcs', 'Fejér megye'),
(8533, 'Pusztaszemes', 'Somogy megye'),
(8534, 'Pusztaszentlászló', 'Zala megye'),
(8535, 'Pusztaszer', 'Csongrád megye'),
(8536, 'Pusztavacs', 'Pest megye'),
(8537, 'Pusztavám', 'Fejér megye'),
(8538, 'Pusztazámor', 'Pest megye'),
(8539, 'Putnok', 'Borsod-Abaúj-Zemplén megye'),
(8540, 'Püski', 'Győr-Moson-Sopron megye'),
(8541, 'Püspökhatvan', 'Pest megye'),
(8542, 'Püspökladány', 'Hajdú-Bihar megye'),
(8543, 'Püspökmolnári', 'Vas megye'),
(8544, 'Püspökszilágy', 'Pest megye'),
(8545, 'Rábacsanak', 'Győr-Moson-Sopron megye'),
(8546, 'Rábacsécsény', 'Győr-Moson-Sopron megye'),
(8547, 'Rábagyarmat', 'Vas megye'),
(8548, 'Rábahídvég', 'Vas megye'),
(8549, 'Rábakecöl', 'Győr-Moson-Sopron megye'),
(8550, 'Rábapatona', 'Győr-Moson-Sopron megye'),
(8551, 'Rábapaty', 'Vas megye'),
(8552, 'Rábapordány', 'Győr-Moson-Sopron megye'),
(8553, 'Rábasebes', 'Győr-Moson-Sopron megye'),
(8554, 'Rábaszentandrás', 'Győr-Moson-Sopron megye'),
(8555, 'Rábaszentmihály', 'Győr-Moson-Sopron megye'),
(8556, 'Rábaszentmiklós', 'Győr-Moson-Sopron megye'),
(8557, 'Rábatamási', 'Győr-Moson-Sopron megye'),
(8558, 'Rábatöttös', 'Vas megye'),
(8559, 'Rábcakapi', 'Győr-Moson-Sopron megye'),
(8560, 'Rácalmás', 'Fejér megye'),
(8561, 'Ráckeresztúr', 'Fejér megye'),
(8562, 'Ráckeve', 'Pest megye'),
(8563, 'Rád', 'Pest megye'),
(8564, 'Rádfalva', 'Baranya megye'),
(8565, 'Rádóckölked', 'Vas megye'),
(8566, 'Radostyán', 'Borsod-Abaúj-Zemplén megye'),
(8567, 'Ragály', 'Borsod-Abaúj-Zemplén megye'),
(8568, 'Rajka', 'Győr-Moson-Sopron megye'),
(8569, 'Rakaca', 'Borsod-Abaúj-Zemplén megye'),
(8570, 'Rakacaszend', 'Borsod-Abaúj-Zemplén megye'),
(8571, 'Rakamaz', 'Szabolcs-Szatmár-Bereg megye'),
(8572, 'Rákóczibánya', 'Nógrád megye'),
(8573, 'Rákóczifalva', 'Jász-Nagykun-Szolnok megye'),
(8574, 'Rákócziújfalu', 'Jász-Nagykun-Szolnok megye'),
(8575, 'Ráksi', 'Somogy megye'),
(8576, 'Ramocsa', 'Zala megye'),
(8577, 'Ramocsaháza', 'Szabolcs-Szatmár-Bereg megye'),
(8578, 'Rápolt', 'Szabolcs-Szatmár-Bereg megye'),
(8579, 'Raposka', 'Veszprém megye'),
(8580, 'Rásonysápberencs', 'Borsod-Abaúj-Zemplén megye'),
(8581, 'Rátka', 'Borsod-Abaúj-Zemplén megye'),
(8582, 'Rátót', 'Vas megye'),
(8583, 'Ravazd', 'Győr-Moson-Sopron megye'),
(8584, 'Recsk', 'Heves megye'),
(8585, 'Réde', 'Komárom-Esztergom megye'),
(8586, 'Rédics', 'Zala megye'),
(8587, 'Regéc', 'Borsod-Abaúj-Zemplén megye'),
(8588, 'Regenye', 'Baranya megye'),
(8589, 'Regöly', 'Tolna megye'),
(8590, 'Rém', 'Bács-Kiskun megye'),
(8591, 'Remeteszőlős', 'Pest megye'),
(8592, 'Répáshuta', 'Borsod-Abaúj-Zemplén megye'),
(8593, 'Répcelak', 'Vas megye'),
(8594, 'Répceszemere', 'Győr-Moson-Sopron megye'),
(8595, 'Répceszentgyörgy', 'Vas megye'),
(8596, 'Répcevis', 'Győr-Moson-Sopron megye'),
(8597, 'Resznek', 'Zala megye'),
(8598, 'Rétalap', 'Győr-Moson-Sopron megye'),
(8599, 'Rétközberencs', 'Szabolcs-Szatmár-Bereg megye'),
(8600, 'Rétság', 'Nógrád megye'),
(8601, 'Révfülöp', 'Veszprém megye'),
(8602, 'Révleányvár', 'Borsod-Abaúj-Zemplén megye'),
(8603, 'Rezi', 'Zala megye'),
(8604, 'Ricse', 'Borsod-Abaúj-Zemplén megye'),
(8605, 'Rigács', 'Veszprém megye'),
(8606, 'Rigyác', 'Zala megye'),
(8607, 'Rimóc', 'Nógrád megye'),
(8608, 'Rinyabesenyő', 'Somogy megye'),
(8609, 'Rinyakovácsi', 'Somogy megye'),
(8610, 'Rinyaszentkirály', 'Somogy megye'),
(8611, 'Rinyaújlak', 'Somogy megye'),
(8612, 'Rinyaújnép', 'Somogy megye'),
(8613, 'Rohod', 'Szabolcs-Szatmár-Bereg megye'),
(8614, 'Románd', 'Győr-Moson-Sopron megye'),
(8615, 'Romhány', 'Nógrád megye'),
(8616, 'Romonya', 'Baranya megye'),
(8617, 'Rózsafa', 'Baranya megye'),
(8618, 'Rozsály', 'Szabolcs-Szatmár-Bereg megye'),
(8619, 'Rózsaszentmárton', 'Heves megye'),
(8620, 'Röjtökmuzsaj', 'Győr-Moson-Sopron megye'),
(8621, 'Rönök', 'Vas megye'),
(8622, 'Röszke', 'Csongrád megye'),
(8623, 'Rudabánya', 'Borsod-Abaúj-Zemplén megye'),
(8624, 'Rudolftelep', 'Borsod-Abaúj-Zemplén megye'),
(8625, 'Rum', 'Vas megye'),
(8626, 'Ruzsa', 'Csongrád megye'),
(8627, 'Ságújfalu', 'Nógrád megye'),
(8628, 'Ságvár', 'Somogy megye'),
(8629, 'Sajóbábony', 'Borsod-Abaúj-Zemplén megye'),
(8630, 'Sajóecseg', 'Borsod-Abaúj-Zemplén megye'),
(8631, 'Sajógalgóc', 'Borsod-Abaúj-Zemplén megye'),
(8632, 'Sajóhídvég', 'Borsod-Abaúj-Zemplén megye'),
(8633, 'Sajóivánka', 'Borsod-Abaúj-Zemplén megye'),
(8634, 'Sajókápolna', 'Borsod-Abaúj-Zemplén megye'),
(8635, 'Sajókaza', 'Borsod-Abaúj-Zemplén megye'),
(8636, 'Sajókeresztúr', 'Borsod-Abaúj-Zemplén megye'),
(8637, 'Sajólád', 'Borsod-Abaúj-Zemplén megye'),
(8638, 'Sajólászlófalva', 'Borsod-Abaúj-Zemplén megye'),
(8639, 'Sajómercse', 'Borsod-Abaúj-Zemplén megye'),
(8640, 'Sajónémeti', 'Borsod-Abaúj-Zemplén megye'),
(8641, 'Sajóörös', 'Borsod-Abaúj-Zemplén megye'),
(8642, 'Sajópálfala', 'Borsod-Abaúj-Zemplén megye'),
(8643, 'Sajópetri', 'Borsod-Abaúj-Zemplén megye'),
(8644, 'Sajópüspöki', 'Borsod-Abaúj-Zemplén megye'),
(8645, 'Sajósenye', 'Borsod-Abaúj-Zemplén megye'),
(8646, 'Sajószentpéter', 'Borsod-Abaúj-Zemplén megye'),
(8647, 'Sajószöged', 'Borsod-Abaúj-Zemplén megye'),
(8648, 'Sajóvámos', 'Borsod-Abaúj-Zemplén megye'),
(8649, 'Sajóvelezd', 'Borsod-Abaúj-Zemplén megye'),
(8650, 'Sajtoskál', 'Vas megye'),
(8651, 'Salföld', 'Veszprém megye'),
(8652, 'Salgótarján', 'Nógrád megye'),
(8653, 'Salköveskút', 'Vas megye'),
(8654, 'Salomvár', 'Zala megye'),
(8655, 'Sály', 'Borsod-Abaúj-Zemplén megye'),
(8656, 'Sámod', 'Baranya megye'),
(8657, 'Sámsonháza', 'Nógrád megye'),
(8658, 'Sand', 'Zala megye'),
(8659, 'Sándorfalva', 'Csongrád megye'),
(8660, 'Sántos', 'Somogy megye'),
(8661, 'Sáp', 'Hajdú-Bihar megye'),
(8662, 'Sáránd', 'Hajdú-Bihar megye'),
(8663, 'Sárazsadány', 'Borsod-Abaúj-Zemplén megye'),
(8664, 'Sárbogárd', 'Fejér megye'),
(8665, 'Sáregres', 'Fejér megye'),
(8666, 'Sárfimizdó', 'Vas megye'),
(8667, 'Sárhida', 'Zala megye'),
(8668, 'Sárisáp', 'Komárom-Esztergom megye'),
(8669, 'Sarkad', 'Békés megye'),
(8670, 'Sarkadkeresztúr', 'Békés megye'),
(8671, 'Sárkeresztes', 'Fejér megye'),
(8672, 'Sárkeresztúr', 'Fejér megye'),
(8673, 'Sárkeszi', 'Fejér megye'),
(8674, 'Sármellék', 'Zala megye'),
(8675, 'Sárok', 'Baranya megye'),
(8676, 'Sárosd', 'Fejér megye'),
(8677, 'Sárospatak', 'Borsod-Abaúj-Zemplén megye'),
(8678, 'Sárpilis', 'Tolna megye'),
(8679, 'Sárrétudvari', 'Hajdú-Bihar megye'),
(8680, 'Sarród', 'Győr-Moson-Sopron megye'),
(8681, 'Sárszentágota', 'Fejér megye'),
(8682, 'Sárszentlőrinc', 'Tolna megye'),
(8683, 'Sárszentmihály', 'Fejér megye'),
(8684, 'Sarud', 'Heves megye'),
(8685, 'Sárvár', 'Vas megye'),
(8686, 'Sásd', 'Baranya megye'),
(8687, 'Sáska', 'Veszprém megye'),
(8688, 'Sáta', 'Borsod-Abaúj-Zemplén megye'),
(8689, 'Sátoraljaújhely', 'Borsod-Abaúj-Zemplén megye'),
(8690, 'Sátorhely', 'Baranya megye'),
(8691, 'Sávoly', 'Somogy megye'),
(8692, 'Sé', 'Vas megye'),
(8693, 'Segesd', 'Somogy megye'),
(8694, 'Selyeb', 'Borsod-Abaúj-Zemplén megye'),
(8695, 'Sellye', 'Baranya megye'),
(8696, 'Semjén', 'Borsod-Abaúj-Zemplén megye'),
(8697, 'Semjénháza', 'Zala megye'),
(8698, 'Sénye', 'Zala megye'),
(8699, 'Sényő', 'Szabolcs-Szatmár-Bereg megye'),
(8700, 'Seregélyes', 'Fejér megye'),
(8701, 'Serényfalva', 'Borsod-Abaúj-Zemplén megye'),
(8702, 'Sérsekszőlős', 'Somogy megye'),
(8703, 'Sikátor', 'Győr-Moson-Sopron megye'),
(8704, 'Siklós', 'Baranya megye'),
(8705, 'Siklósbodony', 'Baranya megye'),
(8706, 'Siklósnagyfalu', 'Baranya megye'),
(8707, 'Sima', 'Borsod-Abaúj-Zemplén megye'),
(8708, 'Simaság', 'Vas megye'),
(8709, 'Simonfa', 'Somogy megye'),
(8710, 'Simontornya', 'Tolna megye'),
(8711, 'Sióagárd', 'Tolna megye'),
(8712, 'Siófok', 'Somogy megye'),
(8713, 'Siójut', 'Somogy megye'),
(8714, 'Sirok', 'Heves megye'),
(8715, 'Sitke', 'Vas megye'),
(8716, 'Sobor', 'Győr-Moson-Sopron megye'),
(8717, 'Sokorópátka', 'Győr-Moson-Sopron megye'),
(8718, 'Solt', 'Bács-Kiskun megye'),
(8719, 'Soltszentimre', 'Bács-Kiskun megye'),
(8720, 'Soltvadkert', 'Bács-Kiskun megye'),
(8721, 'Sóly', 'Veszprém megye'),
(8722, 'Solymár', 'Pest megye'),
(8723, 'Som', 'Somogy megye'),
(8724, 'Somberek', 'Baranya megye'),
(8725, 'Somlójenő', 'Veszprém megye'),
(8726, 'Somlószőlős', 'Veszprém megye'),
(8727, 'Somlóvásárhely', 'Veszprém megye'),
(8728, 'Somlóvecse', 'Veszprém megye'),
(8729, 'Somodor', 'Somogy megye'),
(8730, 'Somogyacsa', 'Somogy megye'),
(8731, 'Somogyapáti', 'Baranya megye'),
(8732, 'Somogyaracs', 'Somogy megye'),
(8733, 'Somogyaszaló', 'Somogy megye'),
(8734, 'Somogybabod', 'Somogy megye'),
(8735, 'Somogybükkösd', 'Somogy megye'),
(8736, 'Somogycsicsó', 'Somogy megye'),
(8737, 'Somogydöröcske', 'Somogy megye'),
(8738, 'Somogyegres', 'Somogy megye'),
(8739, 'Somogyfajsz', 'Somogy megye'),
(8740, 'Somogygeszti', 'Somogy megye'),
(8741, 'Somogyhárságy', 'Baranya megye'),
(8742, 'Somogyhatvan', 'Baranya megye'),
(8743, 'Somogyjád', 'Somogy megye'),
(8744, 'Somogymeggyes', 'Somogy megye'),
(8745, 'Somogysámson', 'Somogy megye'),
(8746, 'Somogysárd', 'Somogy megye'),
(8747, 'Somogysimonyi', 'Somogy megye'),
(8748, 'Somogyszentpál', 'Somogy megye'),
(8749, 'Somogyszil', 'Somogy megye'),
(8750, 'Somogyszob', 'Somogy megye'),
(8751, 'Somogytúr', 'Somogy megye'),
(8752, 'Somogyudvarhely', 'Somogy megye'),
(8753, 'Somogyvámos', 'Somogy megye'),
(8754, 'Somogyvár', 'Somogy megye'),
(8755, 'Somogyviszló', 'Baranya megye'),
(8756, 'Somogyzsitfa', 'Somogy megye'),
(8757, 'Somoskőújfalu', 'Nógrád megye'),
(8758, 'Sonkád', 'Szabolcs-Szatmár-Bereg megye'),
(8759, 'Soponya', 'Fejér megye'),
(8760, 'Sopron', 'Győr-Moson-Sopron megye'),
(8761, 'Sopronhorpács', 'Győr-Moson-Sopron megye'),
(8762, 'Sopronkövesd', 'Győr-Moson-Sopron megye'),
(8763, 'Sopronnémeti', 'Győr-Moson-Sopron megye'),
(8764, 'Sorkifalud', 'Vas megye'),
(8765, 'Sorkikápolna', 'Vas megye'),
(8766, 'Sormás', 'Zala megye'),
(8767, 'Sorokpolány', 'Vas megye'),
(8768, 'Sóshartyán', 'Nógrád megye'),
(8769, 'Sóskút', 'Pest megye'),
(8770, 'Sóstófalva', 'Borsod-Abaúj-Zemplén megye'),
(8771, 'Sósvertike', 'Baranya megye'),
(8772, 'Sótony', 'Vas megye'),
(8773, 'Söjtör', 'Zala megye'),
(8774, 'Söpte', 'Vas megye'),
(8775, 'Söréd', 'Fejér megye'),
(8776, 'Sukoró', 'Fejér megye'),
(8777, 'Sumony', 'Baranya megye'),
(8778, 'Súr', 'Komárom-Esztergom megye'),
(8779, 'Surd', 'Zala megye'),
(8780, 'Sükösd', 'Bács-Kiskun megye'),
(8781, 'Sülysáp', 'Pest megye'),
(8782, 'Sümeg', 'Veszprém megye'),
(8783, 'Sümegcsehi', 'Zala megye'),
(8784, 'Sümegprága', 'Veszprém megye'),
(8785, 'Süttő', 'Komárom-Esztergom megye'),
(8786, 'Szabadbattyán', 'Fejér megye'),
(8787, 'Szabadegyháza', 'Fejér megye'),
(8788, 'Szabadhídvég', 'Fejér megye'),
(8789, 'Szabadi', 'Somogy megye'),
(8790, 'Szabadkígyós', 'Békés megye'),
(8791, 'Szabadszállás', 'Bács-Kiskun megye'),
(8792, 'Szabadszentkirály', 'Baranya megye'),
(8793, 'Szabás', 'Somogy megye'),
(8794, 'Szabolcs', 'Szabolcs-Szatmár-Bereg megye'),
(8795, 'Szabolcsbáka', 'Szabolcs-Szatmár-Bereg megye'),
(8796, 'Szabolcsveresmart', 'Szabolcs-Szatmár-Bereg megye'),
(8797, 'Szada', 'Pest megye'),
(8798, 'Szágy', 'Baranya megye'),
(8799, 'Szajk', 'Baranya megye'),
(8800, 'Szajla', 'Heves megye'),
(8801, 'Szajol', 'Jász-Nagykun-Szolnok megye'),
(8802, 'Szakácsi', 'Borsod-Abaúj-Zemplén megye'),
(8803, 'Szakadát', 'Tolna megye'),
(8804, 'Szakáld', 'Borsod-Abaúj-Zemplén megye'),
(8805, 'Szakály', 'Tolna megye'),
(8806, 'Szakcs', 'Tolna megye'),
(8807, 'Szakmár', 'Bács-Kiskun megye'),
(8808, 'Szaknyér', 'Vas megye'),
(8809, 'Szakoly', 'Szabolcs-Szatmár-Bereg megye'),
(8810, 'Szakony', 'Győr-Moson-Sopron megye'),
(8811, 'Szakonyfalu', 'Vas megye'),
(8812, 'Szákszend', 'Komárom-Esztergom megye'),
(8813, 'Szalafő', 'Vas megye'),
(8814, 'Szalánta', 'Baranya megye'),
(8815, 'Szalapa', 'Zala megye'),
(8816, 'Szalaszend', 'Borsod-Abaúj-Zemplén megye'),
(8817, 'Szalatnak', 'Baranya megye'),
(8818, 'Szálka', 'Tolna megye'),
(8819, 'Szalkszentmárton', 'Bács-Kiskun megye'),
(8820, 'Szalmatercs', 'Nógrád megye'),
(8821, 'Szalonna', 'Borsod-Abaúj-Zemplén megye'),
(8822, 'Szamosangyalos', 'Szabolcs-Szatmár-Bereg megye'),
(8823, 'Szamosbecs', 'Szabolcs-Szatmár-Bereg megye'),
(8824, 'Szamoskér', 'Szabolcs-Szatmár-Bereg megye'),
(8825, 'Szamossályi', 'Szabolcs-Szatmár-Bereg megye'),
(8826, 'Szamosszeg', 'Szabolcs-Szatmár-Bereg megye'),
(8827, 'Szamostatárfalva', 'Szabolcs-Szatmár-Bereg megye'),
(8828, 'Szamosújlak', 'Szabolcs-Szatmár-Bereg megye'),
(8829, 'Szanda', 'Nógrád megye'),
(8830, 'Szank', 'Bács-Kiskun megye'),
(8831, 'Szántód', 'Somogy megye'),
(8832, 'Szany', 'Győr-Moson-Sopron megye'),
(8833, 'Szápár', 'Veszprém megye'),
(8834, 'Szaporca', 'Baranya megye'),
(8835, 'Szár', 'Fejér megye'),
(8836, 'Szárász', 'Baranya megye'),
(8837, 'Szárazd', 'Tolna megye'),
(8838, 'Szárföld', 'Győr-Moson-Sopron megye'),
(8839, 'Szárliget', 'Komárom-Esztergom megye'),
(8840, 'Szarvas', 'Békés megye'),
(8841, 'Szarvasgede', 'Nógrád megye'),
(8842, 'Szarvaskend', 'Vas megye'),
(8843, 'Szarvaskő', 'Heves megye'),
(8844, 'Szászberek', 'Jász-Nagykun-Szolnok megye'),
(8845, 'Szászfa', 'Borsod-Abaúj-Zemplén megye'),
(8846, 'Szászvár', 'Baranya megye'),
(8847, 'Szatmárcseke', 'Szabolcs-Szatmár-Bereg megye'),
(8848, 'Szátok', 'Nógrád megye'),
(8849, 'Szatta', 'Vas megye'),
(8850, 'Szatymaz', 'Csongrád megye'),
(8851, 'Szava', 'Baranya megye'),
(8852, 'Százhalombatta', 'Pest megye'),
(8853, 'Szebény', 'Baranya megye'),
(8854, 'Szécsénke', 'Nógrád megye'),
(8855, 'Szécsény', 'Nógrád megye'),
(8856, 'Szécsényfelfalu', 'Nógrád megye'),
(8857, 'Szécsisziget', 'Zala megye'),
(8858, 'Szederkény', 'Baranya megye'),
(8859, 'Szedres', 'Tolna megye'),
(8860, 'Szeged', 'Csongrád megye'),
(8861, 'Szegerdő', 'Somogy megye'),
(8862, 'Szeghalom', 'Békés megye'),
(8863, 'Szegi', 'Borsod-Abaúj-Zemplén megye'),
(8864, 'Szegilong', 'Borsod-Abaúj-Zemplén megye'),
(8865, 'Szegvár', 'Csongrád megye'),
(8866, 'Székely', 'Szabolcs-Szatmár-Bereg megye'),
(8867, 'Székelyszabar', 'Baranya megye'),
(8868, 'Székesfehérvár', 'Fejér megye'),
(8869, 'Székkutas', 'Csongrád megye'),
(8870, 'Szekszárd', 'Tolna megye'),
(8871, 'Szeleste', 'Vas megye'),
(8872, 'Szelevény', 'Jász-Nagykun-Szolnok megye'),
(8873, 'Szellő', 'Baranya megye'),
(8874, 'Szemely', 'Baranya megye'),
(8875, 'Szemenye', 'Vas megye'),
(8876, 'Szemere', 'Borsod-Abaúj-Zemplén megye'),
(8877, 'Szendehely', 'Nógrád megye'),
(8878, 'Szendrő', 'Borsod-Abaúj-Zemplén megye'),
(8879, 'Szendrőlád', 'Borsod-Abaúj-Zemplén megye'),
(8880, 'Szenna', 'Somogy megye'),
(8881, 'Szenta', 'Somogy megye'),
(8882, 'Szentantalfa', 'Veszprém megye'),
(8883, 'Szentbalázs', 'Somogy megye'),
(8884, 'Szentbékkálla', 'Veszprém megye'),
(8885, 'Szentborbás', 'Somogy megye'),
(8886, 'Szentdénes', 'Baranya megye'),
(8887, 'Szentdomonkos', 'Heves megye'),
(8888, 'Szente', 'Nógrád megye'),
(8889, 'Szentegát', 'Baranya megye'),
(8890, 'Szentendre', 'Pest megye'),
(8891, 'Szentes', 'Csongrád megye'),
(8892, 'Szentgál', 'Veszprém megye'),
(8893, 'Szentgáloskér', 'Somogy megye'),
(8894, 'Szentgotthárd', 'Vas megye'),
(8895, 'Szentgyörgyvár', 'Zala megye'),
(8896, 'Szentgyörgyvölgy', 'Zala megye'),
(8897, 'Szentimrefalva', 'Veszprém megye');
INSERT INTO `cities_mstr` (`CitiesID_MSTR`, `CitiesCity_MSTR`, `CitiesCounty_MSTR`) VALUES
(8898, 'Szentistván', 'Borsod-Abaúj-Zemplén megye'),
(8899, 'Szentistvánbaksa', 'Borsod-Abaúj-Zemplén megye'),
(8900, 'Szentjakabfa', 'Veszprém megye'),
(8901, 'Szentkatalin', 'Baranya megye'),
(8902, 'Szentkirály', 'Bács-Kiskun megye'),
(8903, 'Szentkirályszabadja', 'Veszprém megye'),
(8904, 'Szentkozmadombja', 'Zala megye'),
(8905, 'Szentlászló', 'Baranya megye'),
(8906, 'Szentliszló', 'Zala megye'),
(8907, 'Szentlőrinc', 'Baranya megye'),
(8908, 'Szentlőrinckáta', 'Pest megye'),
(8909, 'Szentmargitfalva', 'Zala megye'),
(8910, 'Szentmártonkáta', 'Pest megye'),
(8911, 'Szentpéterfa', 'Vas megye'),
(8912, 'Szentpéterfölde', 'Zala megye'),
(8913, 'Szentpéterszeg', 'Hajdú-Bihar megye'),
(8914, 'Szentpéterúr', 'Zala megye'),
(8915, 'Szenyér', 'Somogy megye'),
(8916, 'Szepetnek', 'Zala megye'),
(8917, 'Szerecseny', 'Győr-Moson-Sopron megye'),
(8918, 'Szeremle', 'Bács-Kiskun megye'),
(8919, 'Szerencs', 'Borsod-Abaúj-Zemplén megye'),
(8920, 'Szerep', 'Hajdú-Bihar megye'),
(8921, 'Szergény', 'Vas megye'),
(8922, 'Szigetbecse', 'Pest megye'),
(8923, 'Szigetcsép', 'Pest megye'),
(8924, 'Szigethalom', 'Pest megye'),
(8925, 'Szigetmonostor', 'Pest megye'),
(8926, 'Szigetszentmárton', 'Pest megye'),
(8927, 'Szigetszentmiklós', 'Pest megye'),
(8928, 'Szigetújfalu', 'Pest megye'),
(8929, 'Szigetvár', 'Baranya megye'),
(8930, 'Szigliget', 'Veszprém megye'),
(8931, 'Szihalom', 'Heves megye'),
(8932, 'Szijártóháza', 'Zala megye'),
(8933, 'Szikszó', 'Borsod-Abaúj-Zemplén megye'),
(8934, 'Szil', 'Győr-Moson-Sopron megye'),
(8935, 'Szilágy', 'Baranya megye'),
(8936, 'Szilaspogony', 'Nógrád megye'),
(8937, 'Szilsárkány', 'Győr-Moson-Sopron megye'),
(8938, 'Szilvágy', 'Zala megye'),
(8939, 'Szilvás', 'Baranya megye'),
(8940, 'Szilvásszentmárton', 'Somogy megye'),
(8941, 'Szilvásvárad', 'Heves megye'),
(8942, 'Szin', 'Borsod-Abaúj-Zemplén megye'),
(8943, 'Szinpetri', 'Borsod-Abaúj-Zemplén megye'),
(8944, 'Szirák', 'Nógrád megye'),
(8945, 'Szirmabesenyő', 'Borsod-Abaúj-Zemplén megye'),
(8946, 'Szob', 'Pest megye'),
(8947, 'Szokolya', 'Pest megye'),
(8948, 'Szólád', 'Somogy megye'),
(8949, 'Szolnok', 'Jász-Nagykun-Szolnok megye'),
(8950, 'Szombathely', 'Vas megye'),
(8951, 'Szomód', 'Komárom-Esztergom megye'),
(8952, 'Szomolya', 'Borsod-Abaúj-Zemplén megye'),
(8953, 'Szomor', 'Komárom-Esztergom megye'),
(8954, 'Szorgalmatos', 'Szabolcs-Szatmár-Bereg megye'),
(8955, 'Szorosad', 'Somogy megye'),
(8956, 'Szőc', 'Veszprém megye'),
(8957, 'Szőce', 'Vas megye'),
(8958, 'Sződ', 'Pest megye'),
(8959, 'Sződliget', 'Pest megye'),
(8960, 'Szögliget', 'Borsod-Abaúj-Zemplén megye'),
(8961, 'Szőke', 'Baranya megye'),
(8962, 'Szőkéd', 'Baranya megye'),
(8963, 'Szőkedencs', 'Somogy megye'),
(8964, 'Szőlősardó', 'Borsod-Abaúj-Zemplén megye'),
(8965, 'Szőlősgyörök', 'Somogy megye'),
(8966, 'Szörény', 'Baranya megye'),
(8967, 'Szúcs', 'Heves megye'),
(8968, 'Szuha', 'Nógrád megye'),
(8969, 'Szuhafő', 'Borsod-Abaúj-Zemplén megye'),
(8970, 'Szuhakálló', 'Borsod-Abaúj-Zemplén megye'),
(8971, 'Szuhogy', 'Borsod-Abaúj-Zemplén megye'),
(8972, 'Szulimán', 'Baranya megye'),
(8973, 'Szulok', 'Somogy megye'),
(8974, 'Szurdokpüspöki', 'Nógrád megye'),
(8975, 'Szűcsi', 'Heves megye'),
(8976, 'Szügy', 'Nógrád megye'),
(8977, 'Szűr', 'Baranya megye'),
(8978, 'Tab', 'Somogy megye'),
(8979, 'Tabajd', 'Fejér megye'),
(8980, 'Tabdi', 'Bács-Kiskun megye'),
(8981, 'Táborfalva', 'Pest megye'),
(8982, 'Tác', 'Fejér megye'),
(8983, 'Tagyon', 'Veszprém megye'),
(8984, 'Tahitótfalu', 'Pest megye'),
(8985, 'Takácsi', 'Veszprém megye'),
(8986, 'Tákos', 'Szabolcs-Szatmár-Bereg megye'),
(8987, 'Taksony', 'Pest megye'),
(8988, 'Taktabáj', 'Borsod-Abaúj-Zemplén megye'),
(8989, 'Taktaharkány', 'Borsod-Abaúj-Zemplén megye'),
(8990, 'Taktakenéz', 'Borsod-Abaúj-Zemplén megye'),
(8991, 'Taktaszada', 'Borsod-Abaúj-Zemplén megye'),
(8992, 'Taliándörögd', 'Veszprém megye'),
(8993, 'Tállya', 'Borsod-Abaúj-Zemplén megye'),
(8994, 'Tamási', 'Tolna megye'),
(8995, 'Tanakajd', 'Vas megye'),
(8996, 'Táp', 'Győr-Moson-Sopron megye'),
(8997, 'Tápióbicske', 'Pest megye'),
(8998, 'Tápiógyörgye', 'Pest megye'),
(8999, 'Tápióság', 'Pest megye'),
(9000, 'Tápiószecső', 'Pest megye'),
(9001, 'Tápiószele', 'Pest megye'),
(9002, 'Tápiószentmárton', 'Pest megye'),
(9003, 'Tápiószőlős', 'Pest megye'),
(9004, 'Táplánszentkereszt', 'Vas megye'),
(9005, 'Tapolca', 'Veszprém megye'),
(9006, 'Tapsony', 'Somogy megye'),
(9007, 'Tápszentmiklós', 'Győr-Moson-Sopron megye'),
(9008, 'Tar', 'Nógrád megye'),
(9009, 'Tarany', 'Somogy megye'),
(9010, 'Tarcal', 'Borsod-Abaúj-Zemplén megye'),
(9011, 'Tard', 'Borsod-Abaúj-Zemplén megye'),
(9012, 'Tardona', 'Borsod-Abaúj-Zemplén megye'),
(9013, 'Tardos', 'Komárom-Esztergom megye'),
(9014, 'Tarhos', 'Békés megye'),
(9015, 'Tarján', 'Komárom-Esztergom megye'),
(9016, 'Tarjánpuszta', 'Győr-Moson-Sopron megye'),
(9017, 'Tárkány', 'Komárom-Esztergom megye'),
(9018, 'Tarnabod', 'Heves megye'),
(9019, 'Tarnalelesz', 'Heves megye'),
(9020, 'Tarnaméra', 'Heves megye'),
(9021, 'Tarnaörs', 'Heves megye'),
(9022, 'Tarnaszentmária', 'Heves megye'),
(9023, 'Tarnaszentmiklós', 'Heves megye'),
(9024, 'Tarnazsadány', 'Heves megye'),
(9025, 'Tárnok', 'Pest megye'),
(9026, 'Tárnokréti', 'Győr-Moson-Sopron megye'),
(9027, 'Tarpa', 'Szabolcs-Szatmár-Bereg megye'),
(9028, 'Tarrós', 'Baranya megye'),
(9029, 'Táska', 'Somogy megye'),
(9030, 'Tass', 'Bács-Kiskun megye'),
(9031, 'Taszár', 'Somogy megye'),
(9032, 'Tát', 'Komárom-Esztergom megye'),
(9033, 'Tata', 'Komárom-Esztergom megye'),
(9034, 'Tatabánya', 'Komárom-Esztergom megye'),
(9035, 'Tataháza', 'Bács-Kiskun megye'),
(9036, 'Tatárszentgyörgy', 'Pest megye'),
(9037, 'Tázlár', 'Bács-Kiskun megye'),
(9038, 'Téglás', 'Hajdú-Bihar megye'),
(9039, 'Tékes', 'Baranya megye'),
(9040, 'Teklafalu', 'Baranya megye'),
(9041, 'Telekes', 'Vas megye'),
(9042, 'Telekgerendás', 'Békés megye'),
(9043, 'Teleki', 'Somogy megye'),
(9044, 'Telki', 'Pest megye'),
(9045, 'Telkibánya', 'Borsod-Abaúj-Zemplén megye'),
(9046, 'Tengelic', 'Tolna megye'),
(9047, 'Tengeri', 'Baranya megye'),
(9048, 'Tengőd', 'Somogy megye'),
(9049, 'Tenk', 'Heves megye'),
(9050, 'Tényő', 'Győr-Moson-Sopron megye'),
(9051, 'Tépe', 'Hajdú-Bihar megye'),
(9052, 'Terem', 'Szabolcs-Szatmár-Bereg megye'),
(9053, 'Terény', 'Nógrád megye'),
(9054, 'Tereske', 'Nógrád megye'),
(9055, 'Teresztenye', 'Borsod-Abaúj-Zemplén megye'),
(9056, 'Terpes', 'Heves megye'),
(9057, 'Tés', 'Veszprém megye'),
(9058, 'Tésa', 'Pest megye'),
(9059, 'Tésenfa', 'Baranya megye'),
(9060, 'Téseny', 'Baranya megye'),
(9061, 'Teskánd', 'Zala megye'),
(9062, 'Tét', 'Győr-Moson-Sopron megye'),
(9063, 'Tetétlen', 'Hajdú-Bihar megye'),
(9064, 'Tevel', 'Tolna megye'),
(9065, 'Tibolddaróc', 'Borsod-Abaúj-Zemplén megye'),
(9066, 'Tiborszállás', 'Szabolcs-Szatmár-Bereg megye'),
(9067, 'Tihany', 'Veszprém megye'),
(9068, 'Tikos', 'Somogy megye'),
(9069, 'Tilaj', 'Zala megye'),
(9070, 'Timár', 'Szabolcs-Szatmár-Bereg megye'),
(9071, 'Tinnye', 'Pest megye'),
(9072, 'Tiszaadony', 'Szabolcs-Szatmár-Bereg megye'),
(9073, 'Tiszaalpár', 'Bács-Kiskun megye'),
(9074, 'Tiszabábolna', 'Borsod-Abaúj-Zemplén megye'),
(9075, 'Tiszabecs', 'Szabolcs-Szatmár-Bereg megye'),
(9076, 'Tiszabercel', 'Szabolcs-Szatmár-Bereg megye'),
(9077, 'Tiszabezdéd', 'Szabolcs-Szatmár-Bereg megye'),
(9078, 'Tiszabő', 'Jász-Nagykun-Szolnok megye'),
(9079, 'Tiszabura', 'Jász-Nagykun-Szolnok megye'),
(9080, 'Tiszacsécse', 'Szabolcs-Szatmár-Bereg megye'),
(9081, 'Tiszacsege', 'Hajdú-Bihar megye'),
(9082, 'Tiszacsermely', 'Borsod-Abaúj-Zemplén megye'),
(9083, 'Tiszadada', 'Szabolcs-Szatmár-Bereg megye'),
(9084, 'Tiszaderzs', 'Jász-Nagykun-Szolnok megye'),
(9085, 'Tiszadob', 'Szabolcs-Szatmár-Bereg megye'),
(9086, 'Tiszadorogma', 'Borsod-Abaúj-Zemplén megye'),
(9087, 'Tiszaeszlár', 'Szabolcs-Szatmár-Bereg megye'),
(9088, 'Tiszaföldvár', 'Jász-Nagykun-Szolnok megye'),
(9089, 'Tiszafüred', 'Jász-Nagykun-Szolnok megye'),
(9090, 'Tiszagyenda', 'Jász-Nagykun-Szolnok megye'),
(9091, 'Tiszagyulaháza', 'Hajdú-Bihar megye'),
(9092, 'Tiszaigar', 'Jász-Nagykun-Szolnok megye'),
(9093, 'Tiszainoka', 'Jász-Nagykun-Szolnok megye'),
(9094, 'Tiszajenő', 'Jász-Nagykun-Szolnok megye'),
(9095, 'Tiszakanyár', 'Szabolcs-Szatmár-Bereg megye'),
(9096, 'Tiszakarád', 'Borsod-Abaúj-Zemplén megye'),
(9097, 'Tiszakécske', 'Bács-Kiskun megye'),
(9098, 'Tiszakerecseny', 'Szabolcs-Szatmár-Bereg megye'),
(9099, 'Tiszakeszi', 'Borsod-Abaúj-Zemplén megye'),
(9100, 'Tiszakóród', 'Szabolcs-Szatmár-Bereg megye'),
(9101, 'Tiszakürt', 'Jász-Nagykun-Szolnok megye'),
(9102, 'Tiszaladány', 'Borsod-Abaúj-Zemplén megye'),
(9103, 'Tiszalök', 'Szabolcs-Szatmár-Bereg megye'),
(9104, 'Tiszalúc', 'Borsod-Abaúj-Zemplén megye'),
(9105, 'Tiszamogyorós', 'Szabolcs-Szatmár-Bereg megye'),
(9106, 'Tiszanagyfalu', 'Szabolcs-Szatmár-Bereg megye'),
(9107, 'Tiszanána', 'Heves megye'),
(9108, 'Tiszaörs', 'Jász-Nagykun-Szolnok megye'),
(9109, 'Tiszapalkonya', 'Borsod-Abaúj-Zemplén megye'),
(9110, 'Tiszapüspöki', 'Jász-Nagykun-Szolnok megye'),
(9111, 'Tiszarád', 'Szabolcs-Szatmár-Bereg megye'),
(9112, 'Tiszaroff', 'Jász-Nagykun-Szolnok megye'),
(9113, 'Tiszasas', 'Jász-Nagykun-Szolnok megye'),
(9114, 'Tiszasüly', 'Jász-Nagykun-Szolnok megye'),
(9115, 'Tiszaszalka', 'Szabolcs-Szatmár-Bereg megye'),
(9116, 'Tiszaszentimre', 'Jász-Nagykun-Szolnok megye'),
(9117, 'Tiszaszentmárton', 'Szabolcs-Szatmár-Bereg megye'),
(9118, 'Tiszasziget', 'Csongrád megye'),
(9119, 'Tiszaszőlős', 'Jász-Nagykun-Szolnok megye'),
(9120, 'Tiszatardos', 'Borsod-Abaúj-Zemplén megye'),
(9121, 'Tiszatarján', 'Borsod-Abaúj-Zemplén megye'),
(9122, 'Tiszatelek', 'Szabolcs-Szatmár-Bereg megye'),
(9123, 'Tiszatenyő', 'Jász-Nagykun-Szolnok megye'),
(9124, 'Tiszaug', 'Bács-Kiskun megye'),
(9125, 'Tiszaújváros', 'Borsod-Abaúj-Zemplén megye'),
(9126, 'Tiszavalk', 'Borsod-Abaúj-Zemplén megye'),
(9127, 'Tiszavárkony', 'Jász-Nagykun-Szolnok megye'),
(9128, 'Tiszavasvári', 'Szabolcs-Szatmár-Bereg megye'),
(9129, 'Tiszavid', 'Szabolcs-Szatmár-Bereg megye'),
(9130, 'Tisztaberek', 'Szabolcs-Szatmár-Bereg megye'),
(9131, 'Tivadar', 'Szabolcs-Szatmár-Bereg megye'),
(9132, 'Tóalmás', 'Pest megye'),
(9133, 'Tófalu', 'Heves megye'),
(9134, 'Tófej', 'Zala megye'),
(9135, 'Tófű', 'Baranya megye'),
(9136, 'Tokaj', 'Borsod-Abaúj-Zemplén megye'),
(9137, 'Tokod', 'Komárom-Esztergom megye'),
(9138, 'Tokodaltáró', 'Komárom-Esztergom megye'),
(9139, 'Tokorcs', 'Vas megye'),
(9140, 'Tolcsva', 'Borsod-Abaúj-Zemplén megye'),
(9141, 'Told', 'Hajdú-Bihar megye'),
(9142, 'Tolmács', 'Nógrád megye'),
(9143, 'Tolna', 'Tolna megye'),
(9144, 'Tolnanémedi', 'Tolna megye'),
(9145, 'Tomajmonostora', 'Jász-Nagykun-Szolnok megye'),
(9146, 'Tomor', 'Borsod-Abaúj-Zemplén megye'),
(9147, 'Tompa', 'Bács-Kiskun megye'),
(9148, 'Tompaládony', 'Vas megye'),
(9149, 'Tordas', 'Fejér megye'),
(9150, 'Tormafölde', 'Zala megye'),
(9151, 'Tormás', 'Baranya megye'),
(9152, 'Tormásliget', 'Vas megye'),
(9153, 'Tornabarakony', 'Borsod-Abaúj-Zemplén megye'),
(9154, 'Tornakápolna', 'Borsod-Abaúj-Zemplén megye'),
(9155, 'Tornanádaska', 'Borsod-Abaúj-Zemplén megye'),
(9156, 'Tornaszentandrás', 'Borsod-Abaúj-Zemplén megye'),
(9157, 'Tornaszentjakab', 'Borsod-Abaúj-Zemplén megye'),
(9158, 'Tornyiszentmiklós', 'Zala megye'),
(9159, 'Tornyosnémeti', 'Borsod-Abaúj-Zemplén megye'),
(9160, 'Tornyospálca', 'Szabolcs-Szatmár-Bereg megye'),
(9161, 'Torony', 'Vas megye'),
(9162, 'Torvaj', 'Somogy megye'),
(9163, 'Tószeg', 'Jász-Nagykun-Szolnok megye'),
(9164, 'Tótkomlós', 'Békés megye'),
(9165, 'Tótszentgyörgy', 'Baranya megye'),
(9166, 'Tótszentmárton', 'Zala megye'),
(9167, 'Tótszerdahely', 'Zala megye'),
(9168, 'Tótújfalu', 'Somogy megye'),
(9169, 'Tótvázsony', 'Veszprém megye'),
(9170, 'Tök', 'Pest megye'),
(9171, 'Tököl', 'Pest megye'),
(9172, 'Töltéstava', 'Győr-Moson-Sopron megye'),
(9173, 'Tömörd', 'Vas megye'),
(9174, 'Tömörkény', 'Csongrád megye'),
(9175, 'Törökbálint', 'Pest megye'),
(9176, 'Törökkoppány', 'Somogy megye'),
(9177, 'Törökszentmiklós', 'Jász-Nagykun-Szolnok megye'),
(9178, 'Törtel', 'Pest megye'),
(9179, 'Töttös', 'Baranya megye'),
(9180, 'Trizs', 'Borsod-Abaúj-Zemplén megye'),
(9181, 'Tunyogmatolcs', 'Szabolcs-Szatmár-Bereg megye'),
(9182, 'Tura', 'Pest megye'),
(9183, 'Túristvándi', 'Szabolcs-Szatmár-Bereg megye'),
(9184, 'Túrkeve', 'Jász-Nagykun-Szolnok megye'),
(9185, 'Túrony', 'Baranya megye'),
(9186, 'Túrricse', 'Szabolcs-Szatmár-Bereg megye'),
(9187, 'Tuzsér', 'Szabolcs-Szatmár-Bereg megye'),
(9188, 'Türje', 'Zala megye'),
(9189, 'Tüskevár', 'Veszprém megye'),
(9190, 'Tyukod', 'Szabolcs-Szatmár-Bereg megye'),
(9191, 'Udvar', 'Baranya megye'),
(9192, 'Udvari', 'Tolna megye'),
(9193, 'Ugod', 'Veszprém megye'),
(9194, 'Újbarok', 'Fejér megye'),
(9195, 'Újcsanálos', 'Borsod-Abaúj-Zemplén megye'),
(9196, 'Újdombrád', 'Szabolcs-Szatmár-Bereg megye'),
(9197, 'Újfehértó', 'Szabolcs-Szatmár-Bereg megye'),
(9198, 'Újhartyán', 'Pest megye'),
(9199, 'Újiráz', 'Hajdú-Bihar megye'),
(9200, 'Újireg', 'Tolna megye'),
(9201, 'Újkenéz', 'Szabolcs-Szatmár-Bereg megye'),
(9202, 'Újkér', 'Győr-Moson-Sopron megye'),
(9203, 'Újkígyós', 'Békés megye'),
(9204, 'Újlengyel', 'Pest megye'),
(9205, 'Újléta', 'Hajdú-Bihar megye'),
(9206, 'Újlőrincfalva', 'Heves megye'),
(9207, 'Újpetre', 'Baranya megye'),
(9208, 'Újrónafő', 'Győr-Moson-Sopron megye'),
(9209, 'Újsolt', 'Bács-Kiskun megye'),
(9210, 'Újszalonta', 'Békés megye'),
(9211, 'Újszász', 'Jász-Nagykun-Szolnok megye'),
(9212, 'Újszentiván', 'Csongrád megye'),
(9213, 'Újszentmargita', 'Hajdú-Bihar megye'),
(9214, 'Újszilvás', 'Pest megye'),
(9215, 'Újtelek', 'Bács-Kiskun megye'),
(9216, 'Újtikos', 'Hajdú-Bihar megye'),
(9217, 'Újudvar', 'Zala megye'),
(9218, 'Újvárfalva', 'Somogy megye'),
(9219, 'Ukk', 'Veszprém megye'),
(9220, 'Und', 'Győr-Moson-Sopron megye'),
(9221, 'Úny', 'Komárom-Esztergom megye'),
(9222, 'Uppony', 'Borsod-Abaúj-Zemplén megye'),
(9223, 'Ura', 'Szabolcs-Szatmár-Bereg megye'),
(9224, 'Uraiújfalu', 'Vas megye'),
(9225, 'Úrhida', 'Fejér megye'),
(9226, 'Úri', 'Pest megye'),
(9227, 'Úrkút', 'Veszprém megye'),
(9228, 'Uszka', 'Szabolcs-Szatmár-Bereg megye'),
(9229, 'Uszód', 'Bács-Kiskun megye'),
(9230, 'Uzsa', 'Veszprém megye'),
(9231, 'Üllés', 'Csongrád megye'),
(9232, 'Üllő', 'Pest megye'),
(9233, 'Üröm', 'Pest megye'),
(9234, 'Vác', 'Pest megye'),
(9235, 'Vácduka', 'Pest megye'),
(9236, 'Vácegres', 'Pest megye'),
(9237, 'Váchartyán', 'Pest megye'),
(9238, 'Váckisújfalu', 'Pest megye'),
(9239, 'Vácrátót', 'Pest megye'),
(9240, 'Vácszentlászló', 'Pest megye'),
(9241, 'Vadna', 'Borsod-Abaúj-Zemplén megye'),
(9242, 'Vadosfa', 'Győr-Moson-Sopron megye'),
(9243, 'Vág', 'Győr-Moson-Sopron megye'),
(9244, 'Vágáshuta', 'Borsod-Abaúj-Zemplén megye'),
(9245, 'Vaja', 'Szabolcs-Szatmár-Bereg megye'),
(9246, 'Vajdácska', 'Borsod-Abaúj-Zemplén megye'),
(9247, 'Vajszló', 'Baranya megye'),
(9248, 'Vajta', 'Fejér megye'),
(9249, 'Vál', 'Fejér megye'),
(9250, 'Valkó', 'Pest megye'),
(9251, 'Valkonya', 'Zala megye'),
(9252, 'Vállaj', 'Szabolcs-Szatmár-Bereg megye'),
(9253, 'Vállus', 'Zala megye'),
(9254, 'Vámosatya', 'Szabolcs-Szatmár-Bereg megye'),
(9255, 'Vámoscsalád', 'Vas megye'),
(9256, 'Vámosgyörk', 'Heves megye'),
(9257, 'Vámosmikola', 'Pest megye'),
(9258, 'Vámosoroszi', 'Szabolcs-Szatmár-Bereg megye'),
(9259, 'Vámospércs', 'Hajdú-Bihar megye'),
(9260, 'Vámosszabadi', 'Győr-Moson-Sopron megye'),
(9261, 'Vámosújfalu', 'Borsod-Abaúj-Zemplén megye'),
(9262, 'Váncsod', 'Hajdú-Bihar megye'),
(9263, 'Vanyarc', 'Nógrád megye'),
(9264, 'Vanyola', 'Veszprém megye'),
(9265, 'Várad', 'Baranya megye'),
(9266, 'Váralja', 'Tolna megye'),
(9267, 'Varászló', 'Somogy megye'),
(9268, 'Váraszó', 'Heves megye'),
(9269, 'Várbalog', 'Győr-Moson-Sopron megye'),
(9270, 'Varbó', 'Borsod-Abaúj-Zemplén megye'),
(9271, 'Varbóc', 'Borsod-Abaúj-Zemplén megye'),
(9272, 'Várda', 'Somogy megye'),
(9273, 'Várdomb', 'Tolna megye'),
(9274, 'Várfölde', 'Zala megye'),
(9275, 'Varga', 'Baranya megye'),
(9276, 'Várgesztes', 'Komárom-Esztergom megye'),
(9277, 'Várkesző', 'Veszprém megye'),
(9278, 'Várong', 'Tolna megye'),
(9279, 'Városföld', 'Bács-Kiskun megye'),
(9280, 'Városlőd', 'Veszprém megye'),
(9281, 'Várpalota', 'Veszprém megye'),
(9282, 'Varsád', 'Tolna megye'),
(9283, 'Varsány', 'Nógrád megye'),
(9284, 'Várvölgy', 'Zala megye'),
(9285, 'Vasad', 'Pest megye'),
(9286, 'Vasalja', 'Vas megye'),
(9287, 'Vásárosbéc', 'Baranya megye'),
(9288, 'Vásárosdombó', 'Baranya megye'),
(9289, 'Vásárosfalu', 'Győr-Moson-Sopron megye'),
(9290, 'Vásárosmiske', 'Vas megye'),
(9291, 'Vásárosnamény', 'Szabolcs-Szatmár-Bereg megye'),
(9292, 'Vasasszonyfa', 'Vas megye'),
(9293, 'Vasboldogasszony', 'Zala megye'),
(9294, 'Vasegerszeg', 'Vas megye'),
(9295, 'Vashosszúfalu', 'Vas megye'),
(9296, 'Vaskeresztes', 'Vas megye'),
(9297, 'Vaskút', 'Bács-Kiskun megye'),
(9298, 'Vasmegyer', 'Szabolcs-Szatmár-Bereg megye'),
(9299, 'Vaspör', 'Zala megye'),
(9300, 'Vassurány', 'Vas megye'),
(9301, 'Vasszécseny', 'Vas megye'),
(9302, 'Vasszentmihály', 'Vas megye'),
(9303, 'Vasszilvágy', 'Vas megye'),
(9304, 'Vasvár', 'Vas megye'),
(9305, 'Vaszar', 'Veszprém megye'),
(9306, 'Vászoly', 'Veszprém megye'),
(9307, 'Vát', 'Vas megye'),
(9308, 'Vatta', 'Borsod-Abaúj-Zemplén megye'),
(9309, 'Vázsnok', 'Baranya megye'),
(9310, 'Vécs', 'Heves megye'),
(9311, 'Vecsés', 'Pest megye'),
(9312, 'Végegyháza', 'Békés megye'),
(9313, 'Vejti', 'Baranya megye'),
(9314, 'Vékény', 'Baranya megye'),
(9315, 'Vekerd', 'Hajdú-Bihar megye'),
(9316, 'Velem', 'Vas megye'),
(9317, 'Velemér', 'Vas megye'),
(9318, 'Velence', 'Fejér megye'),
(9319, 'Velény', 'Baranya megye'),
(9320, 'Véménd', 'Baranya megye'),
(9321, 'Vének', 'Győr-Moson-Sopron megye'),
(9322, 'Vép', 'Vas megye'),
(9323, 'Vereb', 'Fejér megye'),
(9324, 'Veresegyház', 'Pest megye'),
(9325, 'Verőce', 'Pest megye'),
(9326, 'Verpelét', 'Heves megye'),
(9327, 'Verseg', 'Pest megye'),
(9328, 'Versend', 'Baranya megye'),
(9329, 'Vértesacsa', 'Fejér megye'),
(9330, 'Vértesboglár', 'Fejér megye'),
(9331, 'Vérteskethely', 'Komárom-Esztergom megye'),
(9332, 'Vértessomló', 'Komárom-Esztergom megye'),
(9333, 'Vértesszőlős', 'Komárom-Esztergom megye'),
(9334, 'Vértestolna', 'Komárom-Esztergom megye'),
(9335, 'Vése', 'Somogy megye'),
(9336, 'Veszkény', 'Győr-Moson-Sopron megye'),
(9337, 'Veszprém', 'Veszprém megye'),
(9338, 'Veszprémfajsz', 'Veszprém megye'),
(9339, 'Veszprémgalsa', 'Veszprém megye'),
(9340, 'Veszprémvarsány', 'Győr-Moson-Sopron megye'),
(9341, 'Vésztő', 'Békés megye'),
(9342, 'Vezseny', 'Jász-Nagykun-Szolnok megye'),
(9343, 'Vid', 'Veszprém megye'),
(9344, 'Vigántpetend', 'Veszprém megye'),
(9345, 'Villány', 'Baranya megye'),
(9346, 'Villánykövesd', 'Baranya megye'),
(9347, 'Vilmány', 'Borsod-Abaúj-Zemplén megye'),
(9348, 'Vilonya', 'Veszprém megye'),
(9349, 'Vilyvitány', 'Borsod-Abaúj-Zemplén megye'),
(9350, 'Vinár', 'Veszprém megye'),
(9351, 'Vindornyafok', 'Zala megye'),
(9352, 'Vindornyalak', 'Zala megye'),
(9353, 'Vindornyaszőlős', 'Zala megye'),
(9354, 'Visegrád', 'Pest megye'),
(9355, 'Visnye', 'Somogy megye'),
(9356, 'Visonta', 'Heves megye'),
(9357, 'Viss', 'Borsod-Abaúj-Zemplén megye'),
(9358, 'Visz', 'Somogy megye'),
(9359, 'Viszák', 'Vas megye'),
(9360, 'Viszló', 'Borsod-Abaúj-Zemplén megye'),
(9361, 'Visznek', 'Heves megye'),
(9362, 'Vitnyéd', 'Győr-Moson-Sopron megye'),
(9363, 'Vízvár', 'Somogy megye'),
(9364, 'Vizslás', 'Nógrád megye'),
(9365, 'Vizsoly', 'Borsod-Abaúj-Zemplén megye'),
(9366, 'Vokány', 'Baranya megye'),
(9367, 'Vonyarcvashegy', 'Zala megye'),
(9368, 'Vöckönd', 'Zala megye'),
(9369, 'Völcsej', 'Győr-Moson-Sopron megye'),
(9370, 'Vönöck', 'Vas megye'),
(9371, 'Vöröstó', 'Veszprém megye'),
(9372, 'Vörs', 'Somogy megye'),
(9373, 'Zabar', 'Nógrád megye'),
(9374, 'Zádor', 'Baranya megye'),
(9375, 'Zádorfalva', 'Borsod-Abaúj-Zemplén megye'),
(9376, 'Zagyvarékas', 'Jász-Nagykun-Szolnok megye'),
(9377, 'Zagyvaszántó', 'Heves megye'),
(9378, 'Záhony', 'Szabolcs-Szatmár-Bereg megye'),
(9379, 'Zajk', 'Zala megye'),
(9380, 'Zajta', 'Szabolcs-Szatmár-Bereg megye'),
(9381, 'Zákány', 'Somogy megye'),
(9382, 'Zákányfalu', 'Somogy megye'),
(9383, 'Zákányszék', 'Csongrád megye'),
(9384, 'Zala', 'Somogy megye'),
(9385, 'Zalaapáti', 'Zala megye'),
(9386, 'Zalabaksa', 'Zala megye'),
(9387, 'Zalabér', 'Zala megye'),
(9388, 'Zalaboldogfa', 'Zala megye'),
(9389, 'Zalacsány', 'Zala megye'),
(9390, 'Zalacséb', 'Zala megye'),
(9391, 'Zalaegerszeg', 'Zala megye'),
(9392, 'Zalaerdőd', 'Veszprém megye'),
(9393, 'Zalagyömörő', 'Veszprém megye'),
(9394, 'Zalahaláp', 'Veszprém megye'),
(9395, 'Zalaháshágy', 'Zala megye'),
(9396, 'Zalaigrice', 'Zala megye'),
(9397, 'Zalaistvánd', 'Zala megye'),
(9398, 'Zalakaros', 'Zala megye'),
(9399, 'Zalakomár', 'Zala megye'),
(9400, 'Zalaköveskút', 'Zala megye'),
(9401, 'Zalalövő', 'Zala megye'),
(9402, 'Zalameggyes', 'Veszprém megye'),
(9403, 'Zalamerenye', 'Zala megye'),
(9404, 'Zalasárszeg', 'Zala megye'),
(9405, 'Zalaszabar', 'Zala megye'),
(9406, 'Zalaszántó', 'Zala megye'),
(9407, 'Zalaszegvár', 'Veszprém megye'),
(9408, 'Zalaszentbalázs', 'Zala megye'),
(9409, 'Zalaszentgrót', 'Zala megye'),
(9410, 'Zalaszentgyörgy', 'Zala megye'),
(9411, 'Zalaszentiván', 'Zala megye'),
(9412, 'Zalaszentjakab', 'Zala megye'),
(9413, 'Zalaszentlászló', 'Zala megye'),
(9414, 'Zalaszentlőrinc', 'Zala megye'),
(9415, 'Zalaszentmárton', 'Zala megye'),
(9416, 'Zalaszentmihály', 'Zala megye'),
(9417, 'Zalaszombatfa', 'Zala megye'),
(9418, 'Zaláta', 'Baranya megye'),
(9419, 'Zalatárnok', 'Zala megye'),
(9420, 'Zalaújlak', 'Zala megye'),
(9421, 'Zalavár', 'Zala megye'),
(9422, 'Zalavég', 'Zala megye'),
(9423, 'Zalkod', 'Borsod-Abaúj-Zemplén megye'),
(9424, 'Zamárdi', 'Somogy megye'),
(9425, 'Zámoly', 'Fejér megye'),
(9426, 'Zánka', 'Veszprém megye'),
(9427, 'Zaránk', 'Heves megye'),
(9428, 'Závod', 'Tolna megye'),
(9429, 'Zebecke', 'Zala megye'),
(9430, 'Zebegény', 'Pest megye'),
(9431, 'Zemplénagárd', 'Borsod-Abaúj-Zemplén megye'),
(9432, 'Zengővárkony', 'Baranya megye'),
(9433, 'Zichyújfalu', 'Fejér megye'),
(9434, 'Zics', 'Somogy megye'),
(9435, 'Ziliz', 'Borsod-Abaúj-Zemplén megye'),
(9436, 'Zimány', 'Somogy megye'),
(9437, 'Zirc', 'Veszprém megye'),
(9438, 'Zók', 'Baranya megye'),
(9439, 'Zomba', 'Tolna megye'),
(9440, 'Zubogy', 'Borsod-Abaúj-Zemplén megye'),
(9441, 'Zsadány', 'Békés megye'),
(9442, 'Zsáka', 'Hajdú-Bihar megye'),
(9443, 'Zsámbék', 'Pest megye'),
(9444, 'Zsámbok', 'Pest megye'),
(9445, 'Zsana', 'Bács-Kiskun megye'),
(9446, 'Zsarolyán', 'Szabolcs-Szatmár-Bereg megye'),
(9447, 'Zsebeháza', 'Győr-Moson-Sopron megye'),
(9448, 'Zsédeny', 'Vas megye'),
(9449, 'Zselickisfalud', 'Somogy megye'),
(9450, 'Zselickislak', 'Somogy megye'),
(9451, 'Zselicszentpál', 'Somogy megye'),
(9452, 'Zsennye', 'Vas megye'),
(9453, 'Zsira', 'Győr-Moson-Sopron megye'),
(9454, 'Zsombó', 'Csongrád megye'),
(9455, 'Zsujta', 'Borsod-Abaúj-Zemplén megye'),
(9456, 'Zsurk', 'Szabolcs-Szatmár-Bereg megye'),
(9457, 'Bükkszentlászló', 'Borsod-Abaúj-Zemplén vármegye');

-- --------------------------------------------------------

--
-- Tábla szerkezet ehhez a táblához `countries_mstr`
--

CREATE TABLE `countries_mstr` (
  `CountriesID_MSTR` int(11) NOT NULL,
  `CountriesCountry_MSTR` varchar(30) NOT NULL
) ENGINE=InnoDB DEFAULT CHARSET=utf8mb4 COLLATE=utf8mb4_hungarian_ci;

--
-- A tábla adatainak kiíratása `countries_mstr`
--

INSERT INTO `countries_mstr` (`CountriesID_MSTR`, `CountriesCountry_MSTR`) VALUES
(1, 'Hollandia'),
(2, 'Magyarország'),
(3, 'Németország'),
(4, 'Franciaország'),
(5, 'Lengyelország'),
(6, 'Belgium'),
(7, 'Olaszország'),
(8, 'Spanyolország'),
(9, 'Egyesült Államok'),
(10, 'Szlovákia'),
(11, 'Anglia'),
(12, 'Skócia'),
(13, 'Írország'),
(14, 'Szlovénia'),
(15, 'Norvégia'),
(16, 'Dánia'),
(17, 'Finnország'),
(18, 'Svájc'),
(19, 'Portugália'),
(20, 'Luxemburg');

-- --------------------------------------------------------

--
-- Tábla szerkezet ehhez a táblához `flag_mstr`
--

CREATE TABLE `flag_mstr` (
  `FlagID_MSTR` int(11) NOT NULL,
  `FlagFlag_MSTR` varchar(15) NOT NULL
) ENGINE=InnoDB DEFAULT CHARSET=utf8mb4 COLLATE=utf8mb4_hungarian_ci;

--
-- A tábla adatainak kiíratása `flag_mstr`
--

INSERT INTO `flag_mstr` (`FlagID_MSTR`, `FlagFlag_MSTR`) VALUES
(1, 'új'),
(2, 'aktív'),
(3, 'felfüggesztett'),
(4, 'törölt');

-- --------------------------------------------------------

--
-- Tábla szerkezet ehhez a táblához `gender_mstr`
--

CREATE TABLE `gender_mstr` (
  `GenderID_MSTR` int(11) NOT NULL,
  `GenderGender_MSTR` varchar(10) NOT NULL
) ENGINE=InnoDB DEFAULT CHARSET=utf8mb4 COLLATE=utf8mb4_hungarian_ci;

--
-- A tábla adatainak kiíratása `gender_mstr`
--

INSERT INTO `gender_mstr` (`GenderID_MSTR`, `GenderGender_MSTR`) VALUES
(1, 'férfi'),
(2, 'nő'),
(3, 'üres');

-- --------------------------------------------------------

--
-- Tábla szerkezet ehhez a táblához `holidayfix_mstr`
--

CREATE TABLE `holidayfix_mstr` (
  `HolidayFixID_MSTR` int(11) NOT NULL,
  `HolidayFixDate_MSTR` varchar(8) NOT NULL,
  `HolidayFixDetail_MSTR` varchar(50) NOT NULL
) ENGINE=InnoDB DEFAULT CHARSET=utf8mb4 COLLATE=utf8mb4_hungarian_ci;

--
-- A tábla adatainak kiíratása `holidayfix_mstr`
--

INSERT INTO `holidayfix_mstr` (`HolidayFixID_MSTR`, `HolidayFixDate_MSTR`, `HolidayFixDetail_MSTR`) VALUES
(1, '01. 01.', 'Új év'),
(2, '03. 15.', 'Az 1848-as forradalom ünnepe'),
(3, '04. 05.', 'Húsvét vasárnap'),
(4, '04. 06.', 'Húsvét hétfő'),
(5, '05. 01.', 'A munka ünnepe'),
(6, '06. 24.', 'Pünkösd vasárnap'),
(7, '06. 25.', 'Pünkösd hétfő'),
(8, '08. 20.', 'Szent István ünnepe'),
(9, '10. 23.', 'Az 1956-os forradalom ünnepe'),
(10, '11. 01.', 'Mindenszentek'),
(11, '12. 25.', 'Karácsony'),
(12, '12. 26.', 'Karácsony');

-- --------------------------------------------------------

--
-- Tábla szerkezet ehhez a táblához `holidays_mstr`
--

CREATE TABLE `holidays_mstr` (
  `HolidayID_MSTR` int(11) NOT NULL,
  `HolidayMSTRID_MSTR` int(11) NOT NULL,
  `HolidayDate_MSTR` date NOT NULL,
  `HolidayDetail_MSTR` varchar(40) NOT NULL
) ENGINE=InnoDB DEFAULT CHARSET=utf8mb4 COLLATE=utf8mb4_hungarian_ci;

--
-- A tábla adatainak kiíratása `holidays_mstr`
--

INSERT INTO `holidays_mstr` (`HolidayID_MSTR`, `HolidayMSTRID_MSTR`, `HolidayDate_MSTR`, `HolidayDetail_MSTR`) VALUES
(296, 100, '2026-01-01', 'Új év'),
(297, 100, '2026-03-15', 'Az 1848-as forradalom ünnepe'),
(298, 100, '2026-04-05', 'Húsvét vasárnap'),
(299, 100, '2026-04-06', 'Húsvét hétfő'),
(300, 100, '2026-05-01', 'A munka ünnepe'),
(301, 100, '2026-06-24', 'Pünkösd vasárnap'),
(302, 100, '2026-06-25', 'Pünkösd hétfő'),
(303, 100, '2026-08-20', 'Szent István ünnepe'),
(304, 100, '2026-10-23', 'Az 1956-os forradalom ünnepe'),
(305, 100, '2026-11-01', 'Mindenszentek'),
(306, 100, '2026-12-25', 'Karácsony'),
(307, 100, '2026-12-26', 'Karácsony');

-- --------------------------------------------------------

--
-- Tábla szerkezet ehhez a táblához `lockedquantity_mstr`
--

CREATE TABLE `lockedquantity_mstr` (
  `LockedQuantityID_MSTR` int(11) NOT NULL,
  `LockedQuantitySessionID_MSTR` varchar(20) NOT NULL,
  `LockedQuantityShoppingCartDETID_MSTR` int(11) NOT NULL,
  `LockedQuantityQuantity_MSTR` int(11) NOT NULL,
  `LockedQuantityDateTime_MSTR` datetime NOT NULL,
  `LockedQuantityPartsID_MSTR` int(11) NOT NULL
) ENGINE=InnoDB DEFAULT CHARSET=utf8mb4 COLLATE=utf8mb4_hungarian_ci;

-- --------------------------------------------------------

--
-- Tábla szerkezet ehhez a táblához `motomanufacturer_mstr`
--

CREATE TABLE `motomanufacturer_mstr` (
  `MotoManufacturerID_MSTR` int(11) NOT NULL,
  `MotoManufacturerManufacturer_MSTR` varchar(20) NOT NULL,
  `MotoManufacturerIsActive_MSTR` tinyint(1) NOT NULL
) ENGINE=InnoDB DEFAULT CHARSET=utf8mb4 COLLATE=utf8mb4_hungarian_ci;

--
-- A tábla adatainak kiíratása `motomanufacturer_mstr`
--

INSERT INTO `motomanufacturer_mstr` (`MotoManufacturerID_MSTR`, `MotoManufacturerManufacturer_MSTR`, `MotoManufacturerIsActive_MSTR`) VALUES
(1, 'Adlyj', 0),
(2, 'Aeon', 0),
(3, 'AJS', 0),
(4, 'Aprilia', 0),
(5, 'Arctic Cat', 0),
(6, 'Bajaj', 0),
(7, 'BamX', 0),
(8, 'Benelli', 0),
(9, 'Beta', 0),
(10, 'Big Bear Choppers', 0),
(11, 'Bimota', 0),
(12, 'Blata', 0),
(13, 'BMW', 0),
(14, 'Boss Hoss', 0),
(15, 'Buell', 0),
(16, 'Cagiva', 0),
(17, 'Can-Am', 0),
(18, 'CCM', 0),
(19, 'CF Moto', 0),
(20, 'Chang-Jiang', 0),
(21, 'Clipic', 0),
(22, 'CPI', 0),
(23, 'Daelim', 0),
(24, 'Derbi', 0),
(25, 'Diamo', 0),
(26, 'Dnepr', 0),
(27, 'Ducati', 0),
(28, 'Enfield', 0),
(29, 'Fantic', 0),
(30, 'GAS GAS', 0),
(31, 'Generic', 0),
(32, 'Giantco', 0),
(33, 'Gilera', 0),
(34, 'Harley-Davidson', 0),
(35, 'Hero Honda', 0),
(36, 'Highland', 0),
(37, 'Honda', 1),
(38, 'Husaberg', 0),
(39, 'Husqvarna', 0),
(40, 'Hyosung', 0),
(41, 'Jawa', 0),
(42, 'Jawa-CZ', 0),
(43, 'Kawasaki', 1),
(44, 'Keeway', 0),
(45, 'Kreidler', 0),
(46, 'KTM', 0),
(47, 'Kymco', 0),
(48, 'Laverda', 0),
(49, 'Lem', 0),
(50, 'Lifan', 0),
(51, 'Linhai', 0),
(52, 'Macbor', 0),
(53, 'Maico', 0),
(54, 'Malaguti', 0),
(55, 'MBK', 0),
(56, 'Mondial', 0),
(57, 'Moto Guzzi', 0),
(58, 'Moto Morini', 0),
(59, 'Motorhispania', 0),
(60, 'MuZ', 0),
(61, 'MV Agusta', 0),
(62, 'MZ', 0),
(63, 'NCR', 0),
(64, 'Nipponia', 0),
(65, 'Norton', 0),
(66, 'Peugeot', 0),
(67, 'PGO', 0),
(68, 'Piaggio', 0),
(69, 'Polaris', 0),
(70, 'Polini', 0),
(71, 'Puch', 0),
(72, 'Qlink', 0),
(73, 'Rieju', 0),
(74, 'Sachs', 0),
(75, 'Saxon', 0),
(76, 'Sherco', 0),
(77, 'Suzuki', 0),
(78, 'Sym', 0),
(79, 'Tank Sports', 0),
(80, 'TGB', 0),
(81, 'TM Racing', 0),
(82, 'Tomos', 0),
(83, 'Triumph', 0),
(84, 'TVS', 0),
(85, 'UM', 0),
(86, 'Ural', 0),
(87, 'Veli', 0),
(88, 'Vento', 0),
(89, 'Vespa', 0),
(90, 'Victory', 0),
(91, 'Yamaha', 0),
(107, 'sthztg', 0),
(109, 'newgyártó', 0);

-- --------------------------------------------------------

--
-- Tábla szerkezet ehhez a táblához `motopartscategory_mstr`
--

CREATE TABLE `motopartscategory_mstr` (
  `PartsCategoryID_MSTR` int(11) NOT NULL,
  `PartsCategoryManID_MSTR` int(11) NOT NULL,
  `PartsCategoryTypeID_MSTR` int(11) NOT NULL,
  `PartsCategoryCategory_MSTR` varchar(40) NOT NULL,
  `PartsCategoryCategoryImageFileName_MSTR` varchar(200) NOT NULL
) ENGINE=InnoDB DEFAULT CHARSET=utf8mb4 COLLATE=utf8mb4_hungarian_ci;

--
-- A tábla adatainak kiíratása `motopartscategory_mstr`
--

INSERT INTO `motopartscategory_mstr` (`PartsCategoryID_MSTR`, `PartsCategoryManID_MSTR`, `PartsCategoryTypeID_MSTR`, `PartsCategoryCategory_MSTR`, `PartsCategoryCategoryImageFileName_MSTR`) VALUES
(1, 43, 1, 'Accessory', 'categories/43_1_1.png'),
(2, 43, 1, 'Air Cleaner', 'categories/43_1_2.png'),
(3, 43, 1, 'Balancer', 'categories/43_1_3.png'),
(4, 43, 1, 'Battery Case', 'categories/43_1_4.png'),
(5, 43, 1, 'Brake Pedal', 'categories/43_1_5.png'),
(6, 43, 1, 'Brake Piping', 'categories/43_1_6.png'),
(7, 43, 1, 'Cables', 'categories/43_1_7.png'),
(8, 43, 1, 'Camshaft(s)/Tensioner', 'categories/43_1_8.png'),
(9, 43, 1, 'Chassis Electrical Equipment', 'categories/43_1_9.png'),
(10, 43, 1, 'Clutch', 'categories/43_1_10.png'),
(11, 43, 1, 'Clutch Master Cylinder', 'categories/43_1_11.png'),
(12, 43, 1, 'Cowling Lowers', 'categories/43_1_12.png'),
(13, 43, 1, 'Cowling(Center)', ''),
(14, 43, 1, 'Cowling(Upper)', ''),
(15, 43, 1, 'Crankcase', ''),
(16, 43, 1, 'Crankcase Bolt Pattern', ''),
(17, 43, 1, 'Crankshaft/Piston(s)', ''),
(18, 43, 1, 'Cylinder Head', ''),
(19, 43, 1, 'Cylinder Head Cover', ''),
(20, 43, 1, 'Decals(Black)', ''),
(21, 43, 1, 'Decals(Blue)', ''),
(22, 43, 1, 'Decals(Gray)', ''),
(23, 43, 1, 'Decals(Silver)', ''),
(24, 43, 1, 'Drive Shaft/Final Gear', ''),
(25, 43, 1, 'Engine Cover(s)', ''),
(26, 43, 1, 'Engine Mount', ''),
(27, 43, 1, 'Footrests', ''),
(28, 43, 1, 'Frame', ''),
(29, 43, 1, 'Frame Fittings', ''),
(30, 43, 1, 'Front Bevel Gear', ''),
(31, 43, 1, 'Front Brake', ''),
(32, 43, 1, 'Front Fender(s)', ''),
(33, 43, 1, 'Front Fork(-JKBZGT40AAA022218)', ''),
(34, 43, 1, 'Front Fork(JKBZGT40AAA022219-)', ''),
(35, 43, 1, 'Front Hub', ''),
(36, 43, 1, 'Front Master Cylinder', ''),
(37, 43, 1, 'Fuel Injection', ''),
(38, 43, 1, 'Fuel Pump', ''),
(39, 43, 1, 'Fuel Tank', ''),
(40, 43, 1, 'Gear Change Drum/Shift Fork(s)', ''),
(41, 43, 1, 'Gear Change Mechanism', ''),
(42, 43, 1, 'Generator', ''),
(43, 43, 1, 'Handlebar', ''),
(44, 43, 1, 'Headlight(s)', ''),
(45, 43, 1, 'Ignition Switch', ''),
(46, 43, 1, 'Ignition System', ''),
(47, 43, 1, 'Labels', ''),
(48, 43, 1, 'Manual', ''),
(49, 43, 1, 'Meter(s)', ''),
(50, 43, 1, 'Muffler(s)', ''),
(51, 43, 1, 'Oil Cooler', ''),
(52, 43, 1, 'Oil Pan', ''),
(53, 43, 1, 'Oil Pump', ''),
(54, 43, 1, 'Owner\'s Tools', ''),
(55, 43, 1, 'Radiator', ''),
(56, 43, 1, 'Rear Brake', ''),
(57, 43, 1, 'Rear Fender(s)', ''),
(58, 43, 1, 'Rear Hub', ''),
(59, 43, 1, 'Rear Master Cylinder', ''),
(60, 43, 1, 'Seat', ''),
(61, 43, 1, 'Shock Absorber(s)', ''),
(62, 43, 1, 'Side Covers', ''),
(63, 43, 1, 'Stand(s)', ''),
(64, 43, 1, 'Starter Motor', ''),
(65, 43, 1, 'Suspension', ''),
(66, 43, 1, 'Swingarm', ''),
(67, 43, 1, 'Taillight(s)', ''),
(68, 43, 1, 'Throttle', ''),
(69, 43, 1, 'Tires', ''),
(70, 43, 1, 'Transmission', ''),
(71, 43, 1, 'Turn Signals', ''),
(72, 43, 1, 'Valve(s)', ''),
(73, 43, 1, 'Water Pipe', ''),
(74, 43, 1, 'Windshield', ''),
(93, 37, 29, 'CYLINDER HEAD COVER', 'categories/37_1_1.png'),
(94, 37, 29, 'GENERATOR COVER', 'categories/37_1_2.png'),
(95, 37, 29, 'GENERATOR', 'categories/37_1_3.png'),
(96, 37, 29, 'STARTER MOTOR', 'categories/37_1_4.png'),
(97, 37, 29, 'OIL PAN, OIL PUMP', 'categories/37_1_5.png'),
(98, 37, 29, 'CRANKCASE', 'categories/37_1_6.png'),
(99, 37, 29, 'CRANKSHAFT PISTON', 'categories/37_1_7.png'),
(100, 37, 29, 'TRANSMISSION', 'categories/37_1_8.png'),
(101, 37, 29, 'GEARSHIFT DRUM', 'categories/37_1_9.png'),
(102, 37, 29, 'CYLINDER HEAD', 'categories/37_1_10.png'),
(103, 37, 29, 'THROTTLE BODY', 'categories/37_1_11.png'),
(104, 37, 29, 'CAMSHAFT', 'categories/37_1_12.png');

-- --------------------------------------------------------

--
-- Tábla szerkezet ehhez a táblához `motoparts_mstr`
--

CREATE TABLE `motoparts_mstr` (
  `MotoPartsID_MSTR` int(11) NOT NULL,
  `MotoPartsManID_MSTR` int(11) NOT NULL,
  `MotoPartsTypeID_MSTR` int(11) NOT NULL,
  `MotoPartsCategoryID_MSTR` int(11) NOT NULL,
  `MotoPartsNumber_MSTR` varchar(30) NOT NULL,
  `MotoPartsName_MSTR` varchar(50) NOT NULL,
  `MotoPartsNettoPrice_MSTR` double(14,4) NOT NULL,
  `MotoPartsVAT_MSTR` double(14,4) NOT NULL,
  `MotoPartsBruttoPrice_MSTR` double(14,4) NOT NULL,
  `MotoPartsBruttoEURPrice_MSTR` double(14,4) NOT NULL,
  `MotoPartsDiscount_MSTR` double(14,4) NOT NULL,
  `MotoPartsQuantity_MSTR` double(14,4) NOT NULL,
  `MotoPartsQuantityUnitID_MSTR` int(11) NOT NULL,
  `MotoPartsInfo_MSTR` varchar(300) NOT NULL
) ENGINE=InnoDB DEFAULT CHARSET=utf8mb4 COLLATE=utf8mb4_hungarian_ci;

--
-- A tábla adatainak kiíratása `motoparts_mstr`
--

INSERT INTO `motoparts_mstr` (`MotoPartsID_MSTR`, `MotoPartsManID_MSTR`, `MotoPartsTypeID_MSTR`, `MotoPartsCategoryID_MSTR`, `MotoPartsNumber_MSTR`, `MotoPartsName_MSTR`, `MotoPartsNettoPrice_MSTR`, `MotoPartsVAT_MSTR`, `MotoPartsBruttoPrice_MSTR`, `MotoPartsBruttoEURPrice_MSTR`, `MotoPartsDiscount_MSTR`, `MotoPartsQuantity_MSTR`, `MotoPartsQuantityUnitID_MSTR`, `MotoPartsInfo_MSTR`) VALUES
(1, 43, 1, 1, '13151-0040', 'SWITCH-COMP', 110855.0000, 0.2700, 133747.0000, 333.8900, 0.0500, 3249.0000, 1, 'Próba'),
(2, 43, 1, 1, '14091-0919-17K', 'COVER,SIDE BAG,LH,M.BLAC', 55499.0000, 0.2700, 66960.0000, 167.1600, 0.0500, 8044.0000, 1, 'No longer available'),
(3, 43, 1, 1, '14091-0919-17N', 'COVER,SIDE BAG,LH,M.SILV', 57513.0000, 0.2700, 69389.0000, 173.2300, 0.0500, 474.0000, 1, 'No longer available'),
(4, 43, 1, 1, '14091-0920-17K', 'COVER,SIDE BAG,RH,M.BLAC', 8487.0000, 0.2700, 10240.0000, 25.5600, 0.0500, 8236.0000, 1, ''),
(5, 43, 1, 1, '14091-0920-17N', 'COVER,SIDE BAG,RH,M.SILV', 95057.0000, 0.2700, 114686.0000, 286.3100, 0.0500, 9761.0000, 1, 'No longer available'),
(6, 43, 1, 1, '14091-1688', 'COVER,SIDE BAG,LID', 112083.0000, 0.2700, 135228.0000, 337.5900, 0.0500, 4097.0000, 1, ''),
(7, 43, 1, 1, '27012-0110', 'HOOK,LH', 50084.0000, 0.2700, 60426.0000, 150.8500, 0.0500, 1203.0000, 1, ''),
(8, 43, 1, 1, '27012-0111', 'HOOK,RH', 26750.0000, 0.2700, 32274.0000, 80.5700, 0.0500, 3725.0000, 1, ''),
(9, 43, 1, 1, '43049-0010', 'PACKING', 96080.0000, 0.2700, 115921.0000, 289.3900, 0.0500, 5014.0000, 1, ''),
(10, 43, 1, 1, '53009-0020', 'HINGE', 62407.0000, 0.2700, 75294.0000, 187.9700, 0.0500, 3897.0000, 1, 'gatya'),
(11, 43, 1, 1, '57003-0034-18N', 'BAG-ASSY,LH,BODY BLK+COV', 23798.0000, 0.2700, 28712.0000, 71.6800, 0.0500, 4445.0000, 1, 'No longer available'),
(12, 43, 1, 1, '57003A', 'BAG-ASSY,LH,BODY BLK+COVER BLK', 44348.0000, 0.2700, 53506.0000, 133.5700, 0.0500, 531.0000, 1, 'No longer available'),
(13, 43, 1, 1, '57003-0035-18N', 'BAG-ASSY,RH,BODY BLK+COV', 37764.0000, 0.2700, 45562.0000, 113.7400, 0.0500, 9323.0000, 1, 'No longer available'),
(14, 43, 1, 1, '57003-0035-18P', 'BAG-ASSY,RH,BODY BLK+COV', 55780.0000, 0.2700, 67299.0000, 168.0100, 0.0500, 5022.0000, 1, 'No longer available'),
(15, 43, 1, 1, '92039-0063', 'RIVET', 53026.0000, 0.2700, 63976.0000, 159.7100, 0.0500, 7142.0000, 1, ''),
(16, 43, 1, 1, '92039-0072', 'RIVET', 97790.0000, 0.2700, 117984.0000, 294.5400, 0.0500, 644.0000, 1, ''),
(17, 43, 1, 1, '92072-0082', 'BAND', 104712.0000, 0.2700, 126335.0000, 315.3900, 0.0500, 1796.0000, 1, ''),
(18, 43, 1, 1, '92072-1368', 'BAND', 5027.0000, 0.2700, 6065.0000, 15.1400, 0.0500, 7047.0000, 1, ''),
(19, 43, 1, 1, '92161-0573', 'Damper', 48742.0000, 0.2700, 58807.0000, 146.8100, 0.0500, 9849.0000, 1, ''),
(20, 43, 1, 1, '92172-0303', 'SCREW,4X12', 3467.0000, 0.2700, 4183.0000, 10.4400, 0.0500, 8104.0000, 1, ''),
(21, 43, 1, 1, '92172-0304', 'SCREW,5X15', 96271.0000, 0.2700, 116151.0000, 289.9600, 0.0500, 974.0000, 1, 'No longer available'),
(22, 43, 1, 1, '92172-0306', 'SCREW,4X8', 20630.0000, 0.2700, 24890.0000, 62.1400, 0.0500, 559.0000, 1, ''),
(23, 43, 1, 1, '92200-0373', 'WASHER,5MM', 39499.0000, 0.2700, 47656.0000, 118.9700, 0.0500, 9874.0000, 1, ''),
(24, 43, 1, 1, '92200-0374', 'Washer', 23025.0000, 0.2700, 27780.0000, 69.3500, 0.0500, 7693.0000, 1, ''),
(25, 43, 1, 1, '92200-0375', 'Washer', 109209.0000, 0.2700, 131761.0000, 328.9300, 0.0500, 8842.0000, 1, ''),
(26, 43, 1, 1, '92200-0416', 'Washer', 26649.0000, 0.2700, 32152.0000, 80.2700, 0.0500, 1134.0000, 1, ''),
(27, 43, 1, 1, '92210-0434', 'NUT,CAP,4MM', 30779.0000, 0.2700, 37135.0000, 92.7100, 0.0500, 9143.0000, 1, ''),
(28, 43, 1, 2, '11013-0014', 'Air filter', 73948.0000, 0.2700, 89218.0000, 222.7300, 0.0500, 2315.0000, 1, ''),
(29, 43, 1, 2, '11065-0220', 'CAP', 52243.0000, 0.2700, 63031.0000, 157.3500, 0.0500, 4148.0000, 1, 'No longer available'),
(30, 43, 1, 2, '11065-1088', 'CAP,BREATHER', 39373.0000, 0.2700, 47504.0000, 118.5900, 0.0500, 3792.0000, 1, ''),
(31, 43, 1, 2, '13280-0154', 'HOLDER', 40133.0000, 0.2700, 48420.0000, 120.8800, 0.0500, 6518.0000, 1, ''),
(32, 43, 1, 2, '13280-0165', 'HOLDER,ELEMENT', 82549.0000, 0.2700, 99595.0000, 248.6300, 0.0500, 1216.0000, 1, ''),
(33, 43, 1, 2, '14037-0060', 'SCREEN', 67183.0000, 0.2700, 81056.0000, 202.3500, 0.0500, 6524.0000, 1, ''),
(34, 43, 1, 2, '14069-1051', 'BREATHER', 88268.0000, 0.2700, 106495.0000, 265.8600, 0.0500, 8974.0000, 1, ''),
(35, 43, 1, 2, '14073-0844', 'DUCT,RAM FRAME,LH', 14630.0000, 0.2700, 17651.0000, 44.0600, 0.0500, 5299.0000, 1, ''),
(36, 43, 1, 2, '14073-0845', 'DUCT,RAM FRAME,RH', 33508.0000, 0.2700, 40427.0000, 100.9200, 0.0500, 9575.0000, 1, ''),
(37, 43, 1, 2, '14073-0132', 'DUCT,RAM,LH', 11069.0000, 0.2700, 13355.0000, 33.3400, 0.0500, 1975.0000, 1, ''),
(38, 43, 1, 2, '14073-0145', 'DUCT,RAM,RH', 67404.0000, 0.2700, 81323.0000, 203.0200, 0.0500, 1153.0000, 1, ''),
(39, 43, 1, 2, '14073-0168', 'DUCT,FUNNEL', 78650.0000, 0.2700, 94891.0000, 236.8900, 0.0500, 9841.0000, 1, ''),
(40, 43, 1, 2, '16126-0745', 'VALVE,AIR SWITCHING', 78458.0000, 0.2700, 94660.0000, 236.3100, 0.0500, 5744.0000, 1, ''),
(41, 43, 1, 2, '16181-0008', 'TANK-RESONATOR,LH', 43759.0000, 0.2700, 52795.0000, 131.8000, 0.0500, 9197.0000, 1, ''),
(42, 43, 1, 2, '16181-0009', 'TANK-RESONATOR,RH', 96002.0000, 0.2700, 115826.0000, 289.1500, 0.0500, 8755.0000, 1, ''),
(43, 43, 1, 2, '49006-1267', 'BOOT', 10991.0000, 0.2700, 13261.0000, 33.1000, 0.0500, 6185.0000, 1, ''),
(44, 43, 1, 2, '92005-0055', 'FITTING', 104694.0000, 0.2700, 126313.0000, 315.3300, 0.0500, 4660.0000, 1, ''),
(45, 43, 1, 2, '92015-1757', 'Nut (5 mm) (rubber)', 40174.0000, 0.2700, 48470.0000, 121.0000, 0.0500, 4747.0000, 1, ''),
(46, 43, 1, 2, '92171-1571', 'Clamp', 111950.0000, 0.2700, 135068.0000, 337.1900, 0.0500, 9754.0000, 1, ''),
(47, 43, 1, 2, '92071-0023', 'Damper', 101487.0000, 0.2700, 122444.0000, 305.6700, 0.0500, 4531.0000, 1, ''),
(48, 43, 1, 2, '92071-1042', 'GROMMET', 59003.0000, 0.2700, 71187.0000, 177.7100, 0.0500, 3392.0000, 1, ''),
(49, 43, 1, 2, '92071-1259', 'Damper', 103134.0000, 0.2700, 124431.0000, 310.6400, 0.0500, 3366.0000, 1, ''),
(50, 43, 1, 2, '92071-0781', 'Damper', 921.0000, 0.2700, 1111.0000, 2.7700, 0.0500, 6658.0000, 1, ''),
(51, 43, 1, 2, '92093-0069', 'SEAL,DUCT,LH', 32944.0000, 0.2700, 39747.0000, 99.2300, 0.0500, 3191.0000, 1, ''),
(52, 43, 1, 2, '92093-0077', 'SEAL,DUCT,RH', 49377.0000, 0.2700, 59573.0000, 148.7200, 0.0500, 5981.0000, 1, ''),
(53, 43, 1, 2, '92153-1244', '5 pc - Screw', 35473.0000, 0.2700, 42798.0000, 106.8400, 0.0500, 332.0000, 1, ''),
(54, 43, 1, 2, '92153-1526', '5 pc - Screw', 29233.0000, 0.2700, 35270.0000, 88.0500, 0.0500, 3720.0000, 1, ''),
(55, 43, 1, 2, '92153-1587', 'BOLT,UPSET-WP,6X16', 39749.0000, 0.2700, 47957.0000, 119.7200, 0.0500, 7604.0000, 1, ''),
(56, 43, 1, 2, '92154-1833', 'Screw (6x20)', 111044.0000, 0.2700, 133975.0000, 334.4600, 0.0500, 6860.0000, 1, ''),
(57, 43, 1, 2, '92173-0080', 'CLAMP,65MM', 98231.0000, 0.2700, 118516.0000, 295.8700, 0.0500, 1490.0000, 1, ''),
(58, 43, 1, 2, '92171-0677', 'Clamp', 45444.0000, 0.2700, 54828.0000, 136.8800, 0.0500, 6867.0000, 1, ''),
(59, 43, 1, 2, '92171-0721', 'Clamp', 45109.0000, 0.2700, 54424.0000, 135.8700, 0.0500, 9868.0000, 1, ''),
(60, 43, 1, 2, '92171-0329', 'Clamp', 89210.0000, 0.2700, 107632.0000, 268.7000, 0.0500, 8741.0000, 1, ''),
(61, 43, 1, 2, '92172-0284', 'Screw (6x16)', 85565.0000, 0.2700, 103234.0000, 257.7200, 0.0500, 4098.0000, 1, ''),
(62, 43, 1, 2, '92192-0258', 'TUBE,7X12X500', 47615.0000, 0.2700, 57447.0000, 143.4100, 0.0500, 4269.0000, 1, ''),
(63, 43, 1, 2, '92192-0701', 'TUBE,BREATHER', 93960.0000, 0.2700, 113363.0000, 283.0000, 0.0500, 9051.0000, 1, ''),
(64, 43, 1, 2, '92192-0376', 'TUBE,REED VALVE-ASV', 101793.0000, 0.2700, 122813.0000, 306.6000, 0.0500, 2449.0000, 1, ''),
(65, 43, 1, 2, '92192-0399', 'TUBE,ASV-FRAME', 1925.0000, 0.2700, 2323.0000, 5.8000, 0.0500, 5094.0000, 1, ''),
(66, 43, 1, 2, '92192-0408', 'TUBE,ASV CAP', 41987.0000, 0.2700, 50657.0000, 126.4600, 0.0500, 8124.0000, 1, ''),
(67, 43, 1, 3, '610A0-410', 'ROLLER,4X10', 91581.0000, 0.2700, 110492.0000, 275.8400, 0.0500, 5337.0000, 1, ''),
(68, 43, 1, 3, '13041-0031', 'BALANCER', 106783.0000, 0.2700, 128834.0000, 321.6300, 0.0500, 2313.0000, 1, ''),
(69, 43, 1, 3, '13168-0115', 'LEVER', 34010.0000, 0.2700, 41033.0000, 102.4400, 0.0500, 5553.0000, 1, ''),
(70, 43, 1, 3, '13234-0038', 'SHAFT-COMP', 74863.0000, 0.2700, 90322.0000, 225.4800, 0.0500, 828.0000, 1, ''),
(71, 43, 1, 3, '16085-0084', 'GEAR,31T', 47123.0000, 0.2700, 56854.0000, 141.9300, 0.0500, 7483.0000, 1, ''),
(72, 43, 1, 3, '92026-0082', 'Spacer', 11029.0000, 0.2700, 13306.0000, 33.2200, 0.0500, 4929.0000, 1, ''),
(73, 43, 1, 3, '92046-1266', 'Needle bearing', 26354.0000, 0.2700, 31796.0000, 79.3800, 0.0500, 2195.0000, 1, ''),
(74, 43, 1, 3, '92049-2204', 'Oil seal (12x22x7)', 98685.0000, 0.2700, 119063.0000, 297.2400, 0.0500, 6192.0000, 1, ''),
(75, 43, 1, 3, '92153-1562', 'Screw', 76622.0000, 0.2700, 92444.0000, 230.7800, 0.0500, 4376.0000, 1, ''),
(76, 43, 1, 3, '92151-1930', '5 pc - Screw', 87054.0000, 0.2700, 105031.0000, 262.2000, 0.0500, 3301.0000, 1, ''),
(77, 43, 1, 3, '92161-1055', 'Damper', 92824.0000, 0.2700, 111992.0000, 279.5800, 0.0500, 3380.0000, 1, ''),
(78, 43, 1, 4, '132BA-0614', 'Screw', 90379.0000, 0.2700, 109042.0000, 272.2200, 0.0500, 6999.0000, 1, ''),
(79, 43, 1, 4, '132BA-0616', '5 pc - Screw', 60842.0000, 0.2700, 73406.0000, 183.2500, 0.0500, 4852.0000, 1, ''),
(80, 43, 1, 4, '11055-0165', 'BRACKET,BATTERY', 33075.0000, 0.2700, 39905.0000, 99.6200, 0.0500, 3266.0000, 1, 'No longer available'),
(81, 43, 1, 4, '14091-0533', 'COVER,BATTERY,UPP', 95430.0000, 0.2700, 115136.0000, 287.4300, 0.0500, 1774.0000, 1, ''),
(82, 43, 1, 4, '32097-0012', 'CASE-BATTERY', 40180.0000, 0.2700, 48477.0000, 121.0200, 0.0500, 9073.0000, 1, ''),
(83, 43, 1, 4, '32097-0013', 'CASE-BATTERY', 27193.0000, 0.2700, 32808.0000, 81.9000, 0.0500, 45.0000, 1, ''),
(84, 43, 1, 4, '39156-0602', 'PAD,BATTERY BOX', 15424.0000, 0.2700, 18609.0000, 46.4600, 0.0500, 3004.0000, 1, ''),
(85, 43, 1, 4, '53044-1174', 'TRIM', 108124.0000, 0.2700, 130452.0000, 325.6600, 0.0500, 4887.0000, 1, ''),
(86, 43, 1, 4, '53044-1200', 'TRIM-HEADLAMP COVER', 44025.0000, 0.2700, 53116.0000, 132.6000, 0.0500, 5425.0000, 1, ''),
(87, 43, 1, 4, '92001-1774', 'Screw (6x22)', 8334.0000, 0.2700, 10055.0000, 25.1000, 0.0500, 2463.0000, 1, ''),
(88, 43, 1, 4, '92072-1377', 'BAND,L=290', 22178.0000, 0.2700, 26758.0000, 66.8000, 0.0500, 6042.0000, 1, ''),
(89, 43, 1, 4, '92160-1278', 'Damper', 85887.0000, 0.2700, 103623.0000, 258.6900, 0.0500, 2820.0000, 1, ''),
(90, 43, 1, 4, '92210-0277', 'Nut (6 mm)', 25161.0000, 0.2700, 30357.0000, 75.7800, 0.0500, 5976.0000, 1, ''),
(91, 43, 1, 5, '180BA-0614', '10 pc - BOLT-UPSET-WS,6X14', 93304.0000, 0.2700, 112571.0000, 281.0300, 0.0500, 1421.0000, 1, ''),
(92, 43, 1, 5, '13236-0173', 'Brake pedal', 53297.0000, 0.2700, 64303.0000, 160.5300, 0.0500, 9175.0000, 1, ''),
(93, 43, 1, 5, '46123-0006', 'SPRING-COMP,BRAKE PEDAL', 99153.0000, 0.2700, 119628.0000, 298.6400, 0.0500, 1612.0000, 1, ''),
(94, 43, 1, 5, '92022-326', 'WASHER,15.3X24X1', 110714.0000, 0.2700, 133576.0000, 333.4700, 0.0500, 537.0000, 1, ''),
(95, 43, 1, 5, '92151-1295', 'Screw (6 mm)', 30946.0000, 0.2700, 37336.0000, 93.2100, 0.0500, 7848.0000, 1, ''),
(96, 43, 1, 5, '92200-0279', 'WASHER,7X28X1.6', 47754.0000, 0.2700, 57615.0000, 143.8300, 0.0500, 7631.0000, 1, 'No longer available'),
(97, 43, 1, 6, '120CA-0635', 'BOLT-SOCKET,6X35', 33352.0000, 0.2700, 40239.0000, 100.4500, 0.0500, 4612.0000, 1, ''),
(98, 43, 1, 6, '130BA-0612', '5 pc - Screw', 23495.0000, 0.2700, 28347.0000, 70.7700, 0.0500, 166.0000, 1, ''),
(99, 43, 1, 6, '130BA-0616', '5 pc - Screw', 17423.0000, 0.2700, 21021.0000, 52.4800, 0.0500, 6996.0000, 1, ''),
(100, 43, 1, 6, '130BA-0618', '5 pc - Screw', 16628.0000, 0.2700, 20062.0000, 50.0800, 0.0500, 4480.0000, 1, ''),
(101, 43, 1, 6, '130BA-0625', '5 pc - Screw', 30872.0000, 0.2700, 37247.0000, 92.9900, 0.0500, 1414.0000, 1, ''),
(102, 43, 1, 6, '130BA-0630', 'Screw', 104479.0000, 0.2700, 126054.0000, 314.6900, 0.0500, 3631.0000, 1, ''),
(103, 43, 1, 6, '11053-1949', 'BRACKET,ABS UNIT', 92033.0000, 0.2700, 111038.0000, 277.2000, 0.0500, 3912.0000, 1, ''),
(104, 43, 1, 6, '11054-0059', 'BRACKET,JOINT', 34150.0000, 0.2700, 41202.0000, 102.8600, 0.0500, 8669.0000, 1, ''),
(105, 43, 1, 6, '11054-0828', 'Bracket', 7232.0000, 0.2700, 8725.0000, 21.7800, 0.0500, 1611.0000, 1, 'No longer available'),
(106, 43, 1, 6, '16082-0023', 'PUMP-ASSY-OIL,WET TYPE', 46291.0000, 0.2700, 55850.0000, 139.4300, 0.0500, 2046.0000, 1, ''),
(107, 43, 1, 6, '43060-0014', 'PIPE-BRAKE,HU-M/CYLINDER', 97178.0000, 0.2700, 117245.0000, 292.7000, 0.0500, 5399.0000, 1, ''),
(108, 43, 1, 6, '43060-0015', 'PIPE-BRAKE,HU-FR CALIPER', 9274.0000, 0.2700, 11189.0000, 27.9300, 0.0500, 855.0000, 1, ''),
(109, 43, 1, 6, '43060-0016', 'PIPE-BRAKE,HU-FR M/CYLIN', 92579.0000, 0.2700, 111697.0000, 278.8400, 0.0500, 8079.0000, 1, ''),
(110, 43, 1, 6, '43060-0017', 'PIPE-BRAKE,HU-FR CALIPER', 97333.0000, 0.2700, 117432.0000, 293.1600, 0.0500, 7832.0000, 1, 'No longer available'),
(111, 43, 1, 6, '43095-0219', 'HOSE-BRAKE,HU-FR M/CYLIN', 96346.0000, 0.2700, 116241.0000, 290.1900, 0.0500, 4922.0000, 1, 'No longer available'),
(112, 43, 1, 6, '43095-0220', 'HOSE-BRAKE,HU-FR CALIPER', 77149.0000, 0.2700, 93080.0000, 232.3700, 0.0500, 1115.0000, 1, 'No longer available'),
(113, 43, 1, 6, '43095-0223', 'HOSE-BRAKE,FR', 96709.0000, 0.2700, 116679.0000, 291.2800, 0.0500, 810.0000, 1, 'No longer available'),
(114, 43, 1, 6, '43095-0301', 'HOSE-BRAKE,FR', 26937.0000, 0.2700, 32499.0000, 81.1300, 0.0500, 706.0000, 1, 'No longer available'),
(115, 43, 1, 6, '43095-0302', 'HOSE-BRAKE,FR', 69721.0000, 0.2700, 84118.0000, 210.0000, 0.0500, 1099.0000, 1, 'No longer available'),
(116, 43, 1, 6, '49091-0001', '5 pc - WASHER-SEAL,10.1X14.5X1.', 42631.0000, 0.2700, 51434.0000, 128.4000, 0.0500, 3377.0000, 1, ''),
(117, 43, 1, 6, '92015-1700', 'Nut', 3992.0000, 0.2700, 4816.0000, 12.0200, 0.0500, 3589.0000, 1, ''),
(118, 43, 1, 6, '92037-1827', 'Clamp', 4650.0000, 0.2700, 5610.0000, 14.0100, 0.0500, 7816.0000, 1, ''),
(119, 43, 1, 6, '92071-1143', 'Damper', 11273.0000, 0.2700, 13601.0000, 33.9500, 0.0500, 8313.0000, 1, ''),
(120, 43, 1, 6, '92072-3768', 'BAND,L=145', 42415.0000, 0.2700, 51174.0000, 127.7500, 0.0500, 8119.0000, 1, ''),
(121, 43, 1, 6, '92152-0346', 'Spacer', 65675.0000, 0.2700, 79237.0000, 197.8100, 0.0500, 5654.0000, 1, ''),
(122, 43, 1, 6, '92152-0347', 'Spacer', 88552.0000, 0.2700, 106838.0000, 266.7100, 0.0500, 3912.0000, 1, ''),
(123, 43, 1, 6, '92153-1381', 'Screw (6x10)', 20573.0000, 0.2700, 24821.0000, 61.9700, 0.0500, 2601.0000, 1, ''),
(124, 43, 1, 6, '92153-1419', 'BOLT,OIL,L=23', 62369.0000, 0.2700, 75248.0000, 187.8500, 0.0500, 1270.0000, 1, ''),
(125, 43, 1, 6, '92153-1438', 'BOLT,OIL,L=37', 24968.0000, 0.2700, 30124.0000, 75.2000, 0.0500, 8545.0000, 1, ''),
(126, 43, 1, 6, '92161-0305', 'DAMPER,HOSE CLAMP', 50313.0000, 0.2700, 60703.0000, 151.5400, 0.0500, 8919.0000, 1, ''),
(127, 43, 1, 6, '92161-0315', 'Damper', 64081.0000, 0.2700, 77314.0000, 193.0100, 0.0500, 8957.0000, 1, ''),
(128, 43, 1, 6, '92171-1819', 'CLAMP,BRAKE HOSE', 56887.0000, 0.2700, 68634.0000, 171.3400, 0.0500, 8031.0000, 1, ''),
(129, 43, 1, 6, '92171-0630', 'CLAMP,BRAKE HOSE', 92191.0000, 0.2700, 111228.0000, 277.6800, 0.0500, 3282.0000, 1, ''),
(130, 43, 1, 6, '92200-0283', '10 pc - Washer', 65135.0000, 0.2700, 78585.0000, 196.1800, 0.0500, 2319.0000, 1, ''),
(131, 43, 1, 7, '220AB-0614', 'Screw', 49099.0000, 0.2700, 59238.0000, 147.8800, 0.0500, 1751.0000, 1, ''),
(132, 43, 1, 7, '54010-0066', 'Seat opening cable', 50094.0000, 0.2700, 60438.0000, 150.8800, 0.0500, 1799.0000, 1, ''),
(133, 43, 1, 7, '54012-0199', 'Throttle cable (closing)', 103172.0000, 0.2700, 124477.0000, 310.7500, 0.0500, 3741.0000, 1, ''),
(134, 43, 1, 7, '54012-0223', 'Throttle cable (opening)', 27834.0000, 0.2700, 33582.0000, 83.8300, 0.0500, 3307.0000, 1, ''),
(135, 43, 1, 7, '92037-1827', 'Clamp', 54818.0000, 0.2700, 66138.0000, 165.1100, 0.0500, 5312.0000, 1, ''),
(136, 43, 1, 8, '551A0-835', 'Dowel pin', 78009.0000, 0.2700, 94118.0000, 234.9600, 0.0500, 6642.0000, 1, ''),
(137, 43, 1, 8, '670D1-509', 'O-Ring (9 mm)', 427.0000, 0.2700, 515.0000, 1.2900, 0.0500, 7274.0000, 1, ''),
(138, 43, 1, 8, '11061-0299', 'Gasket - chain tensioner', 105854.0000, 0.2700, 127713.0000, 318.8300, 0.0500, 6445.0000, 1, ''),
(139, 43, 1, 8, '12046-0057', 'SPROCKET,34T', 77662.0000, 0.2700, 93699.0000, 233.9100, 0.0500, 403.0000, 1, ''),
(140, 43, 1, 8, '12048-0047', 'Chain tensioner', 70752.0000, 0.2700, 85362.0000, 213.1000, 0.0500, 2682.0000, 1, ''),
(141, 43, 1, 8, '12053-0067', 'GUIDE-CHAIN,UPP', 8193.0000, 0.2700, 9885.0000, 24.6800, 0.0500, 2201.0000, 1, ''),
(142, 43, 1, 8, '12053-0093', 'GUIDE-CHAIN,RR', 53873.0000, 0.2700, 64998.0000, 162.2600, 0.0500, 2961.0000, 1, ''),
(143, 43, 1, 8, '12053-0128', 'GUIDE-CHAIN,FR', 19623.0000, 0.2700, 23675.0000, 59.1000, 0.0500, 8201.0000, 1, ''),
(144, 43, 1, 8, '13107-0157', 'SHAFT,CHAIN GUIDE', 49076.0000, 0.2700, 59210.0000, 147.8100, 0.0500, 2123.0000, 1, ''),
(145, 43, 1, 8, '16172-0011', 'ACTUATOR,VVT', 73931.0000, 0.2700, 89198.0000, 222.6800, 0.0500, 6011.0000, 1, 'No longer available'),
(146, 43, 1, 8, '49118-0092', 'Camshaft (IN)', 109846.0000, 0.2700, 132529.0000, 330.8500, 0.0500, 3686.0000, 1, ''),
(147, 43, 1, 8, '49118-0093', 'Camshaft (EX)', 102275.0000, 0.2700, 123395.0000, 308.0500, 0.0500, 400.0000, 1, ''),
(148, 43, 1, 8, '92043-0119', 'PIN,3.665X7.8', 69258.0000, 0.2700, 83560.0000, 208.6000, 0.0500, 943.0000, 1, ''),
(149, 43, 1, 8, '92057-0649', 'Timing chain', 39466.0000, 0.2700, 47616.0000, 118.8700, 0.0500, 3514.0000, 1, ''),
(150, 43, 1, 8, '92152-0413', 'Spacer', 102138.0000, 0.2700, 123229.0000, 307.6400, 0.0500, 4740.0000, 1, ''),
(151, 43, 1, 8, '92153-0455', 'Screw', 54547.0000, 0.2700, 65811.0000, 164.2900, 0.0500, 3160.0000, 1, ''),
(152, 43, 1, 8, '92153-1560', '5 pc - Screw', 78904.0000, 0.2700, 95198.0000, 237.6600, 0.0500, 1580.0000, 1, ''),
(153, 43, 1, 8, '120CA-0625', '5 pc - Screw (6x25)', 5717.0000, 0.2700, 6898.0000, 17.2200, 0.0500, 8422.0000, 1, ''),
(154, 43, 1, 8, '92153-3733', 'Screw', 17034.0000, 0.2700, 20552.0000, 51.3100, 0.0500, 7370.0000, 1, ''),
(155, 43, 1, 9, '130BA-0610', '5 pc - Screw', 68022.0000, 0.2700, 82069.0000, 204.8800, 0.0500, 1582.0000, 1, ''),
(156, 43, 1, 9, '130BA-0616', '5 pc - Screw', 63847.0000, 0.2700, 77031.0000, 192.3000, 0.0500, 5803.0000, 1, ''),
(157, 43, 1, 9, '130BA-0618', '5 pc - Screw', 2588.0000, 0.2700, 3122.0000, 7.7900, 0.0500, 4270.0000, 1, ''),
(158, 43, 1, 9, '130BA-0622', '5 pc - Screw', 46560.0000, 0.2700, 56175.0000, 140.2400, 0.0500, 3939.0000, 1, ''),
(159, 43, 1, 9, '132BA-0612', '5 pc - Screw', 112457.0000, 0.2700, 135679.0000, 338.7200, 0.0500, 6886.0000, 1, ''),
(160, 43, 1, 9, '132BA-0616', '5 pc - Screw', 84861.0000, 0.2700, 102385.0000, 255.6000, 0.0500, 2615.0000, 1, ''),
(161, 43, 1, 9, '11054-1131', 'BRACKET,SUB FRAME,FR', 86934.0000, 0.2700, 104886.0000, 261.8400, 0.0500, 2419.0000, 1, ''),
(162, 43, 1, 9, '11054-1133', 'BRACKET,SUB FRAME,RR', 67505.0000, 0.2700, 81445.0000, 203.3200, 0.0500, 4248.0000, 1, 'No longer available'),
(163, 43, 1, 9, '11054-1870', 'BRACKET,DIAG. COUPLER', 76726.0000, 0.2700, 92570.0000, 231.1000, 0.0500, 3982.0000, 1, 'No longer available'),
(164, 43, 1, 9, '11055-0064', 'BRACKET,RELAY', 68536.0000, 0.2700, 82689.0000, 206.4300, 0.0500, 7170.0000, 1, 'No longer available'),
(165, 43, 1, 9, '11055-0079', 'BRACKET,FAN COUPLER', 112500.0000, 0.2700, 135731.0000, 338.8500, 0.0500, 3902.0000, 1, 'No longer available'),
(166, 43, 1, 9, '11055-0276', 'BRACKET', 19148.0000, 0.2700, 23102.0000, 57.6700, 0.0500, 8001.0000, 1, 'No longer available'),
(167, 43, 1, 9, '14092-0021', 'COVER,RADIATOR', 95986.0000, 0.2700, 115807.0000, 289.1100, 0.0500, 8302.0000, 1, ''),
(168, 43, 1, 9, '26006-0001', 'FUSE,15A', 84745.0000, 0.2700, 102245.0000, 255.2500, 0.0500, 7505.0000, 1, ''),
(169, 43, 1, 9, '26006-1006', 'FUSE,30A-G', 23184.0000, 0.2700, 27971.0000, 69.8300, 0.0500, 2618.0000, 1, ''),
(170, 43, 1, 9, '26006-1078', 'FUSE,10A', 86848.0000, 0.2700, 104782.0000, 261.5800, 0.0500, 578.0000, 1, ''),
(171, 43, 1, 9, '26006-1079', 'FUSE,20A', 26945.0000, 0.2700, 32509.0000, 81.1600, 0.0500, 5034.0000, 1, ''),
(172, 43, 1, 9, '26011-0037', 'WIRE-LEAD', 99345.0000, 0.2700, 119860.0000, 299.2200, 0.0500, 3436.0000, 1, ''),
(173, 43, 1, 9, '26011-0087', 'WIRE-LEAD,BATTERY(-)', 78149.0000, 0.2700, 94287.0000, 235.3800, 0.0500, 2082.0000, 1, ''),
(174, 43, 1, 9, '26011-0093', 'WIRE-LEAD,BATTERY(-)', 92707.0000, 0.2700, 111851.0000, 279.2300, 0.0500, 100.0000, 1, ''),
(175, 43, 1, 9, '26011-0105', 'WIRE-LEAD', 3929.0000, 0.2700, 4740.0000, 11.8300, 0.0500, 4254.0000, 1, ''),
(176, 43, 1, 9, '26011-0120', 'WIRE-LEAD,BATTERY(+)', 79266.0000, 0.2700, 95634.0000, 238.7500, 0.0500, 972.0000, 1, ''),
(177, 43, 1, 9, '26011-0146', 'WIRE-LEAD', 46802.0000, 0.2700, 56467.0000, 140.9700, 0.0500, 2096.0000, 1, 'No longer available'),
(178, 43, 1, 9, '26012-1442', 'BATTERY,FTZ14-BS,12V 14A', 108792.0000, 0.2700, 131258.0000, 327.6800, 0.0500, 7568.0000, 1, ''),
(179, 43, 1, 9, '26031-0619', 'HARNESS,MAIN', 65813.0000, 0.2700, 79403.0000, 198.2300, 0.0500, 1549.0000, 1, 'No longer available'),
(180, 43, 1, 9, '27002-0050', 'RELAY-ASSY', 2690.0000, 0.2700, 3245.0000, 8.1000, 0.0500, 5043.0000, 1, ''),
(181, 43, 1, 9, '27002-0012', 'RELAY-ASSY', 41174.0000, 0.2700, 49676.0000, 124.0100, 0.0500, 570.0000, 1, ''),
(182, 43, 1, 9, '27002-1086', 'RELAY-ASSY', 85219.0000, 0.2700, 102817.0000, 256.6800, 0.0500, 7721.0000, 1, ''),
(183, 43, 1, 9, '27002-1090', 'RELAY-ASSY,TURN SIGNA', 77413.0000, 0.2700, 93399.0000, 233.1600, 0.0500, 6894.0000, 1, ''),
(184, 43, 1, 9, '27003-0036', 'Horn', 18825.0000, 0.2700, 22712.0000, 56.7000, 0.0500, 1310.0000, 1, 'No longer available'),
(185, 43, 1, 9, '39156-0331', 'PAD', 87047.0000, 0.2700, 105022.0000, 262.1800, 0.0500, 5868.0000, 1, 'No longer available'),
(186, 43, 1, 9, '53044-0022', 'TRIM,L=220', 41021.0000, 0.2700, 49492.0000, 123.5500, 0.0500, 5412.0000, 1, ''),
(187, 43, 1, 9, '53044-0031', 'TRIM,L=22', 56544.0000, 0.2700, 68220.0000, 170.3100, 0.0500, 9455.0000, 1, ''),
(188, 43, 1, 9, '53044-1249', 'TRIM,L=60', 47077.0000, 0.2700, 56798.0000, 141.7900, 0.0500, 1038.0000, 1, ''),
(189, 43, 1, 9, '56030-0110', 'LABEL,FUSE BOX', 65753.0000, 0.2700, 79331.0000, 198.0500, 0.0500, 6825.0000, 1, ''),
(190, 43, 1, 9, '56030-0111', 'LABEL,FUSE BOX', 74953.0000, 0.2700, 90431.0000, 225.7600, 0.0500, 1012.0000, 1, 'No longer available'),
(191, 43, 1, 9, '56030-0125', 'LABEL,FUSE BOX', 64926.0000, 0.2700, 78333.0000, 195.5500, 0.0500, 4584.0000, 1, 'No longer available'),
(192, 43, 1, 9, '92027-1651', 'COLLAR', 99770.0000, 0.2700, 120373.0000, 300.5000, 0.0500, 9887.0000, 1, ''),
(193, 43, 1, 9, '92072-0066', 'BAND', 78910.0000, 0.2700, 95205.0000, 237.6700, 0.0500, 5683.0000, 1, ''),
(194, 43, 1, 9, '92072-1414', 'BAND', 95240.0000, 0.2700, 114907.0000, 286.8600, 0.0500, 8754.0000, 1, ''),
(195, 43, 1, 9, '92075-277', '10 pc - Damper', 14308.0000, 0.2700, 17263.0000, 43.1000, 0.0500, 6723.0000, 1, ''),
(196, 43, 1, 9, '92152-0445', 'Spacer', 10982.0000, 0.2700, 13250.0000, 33.0800, 0.0500, 7352.0000, 1, ''),
(197, 43, 1, 9, '92171-0068', 'CLAMP,CLIP,DIA=20', 11986.0000, 0.2700, 14461.0000, 36.1000, 0.0500, 6590.0000, 1, ''),
(198, 43, 1, 9, '92171-0255', 'CLAMP,HARNESS', 26988.0000, 0.2700, 32561.0000, 81.2900, 0.0500, 898.0000, 1, ''),
(199, 43, 1, 9, '92171-0290', 'Clamp', 98979.0000, 0.2700, 119418.0000, 298.1200, 0.0500, 4719.0000, 1, ''),
(200, 43, 1, 9, '92171-0782', 'Clamp', 76190.0000, 0.2700, 91923.0000, 229.4800, 0.0500, 901.0000, 1, ''),
(201, 43, 1, 9, '92171-0813', 'Clamp', 84015.0000, 0.2700, 101364.0000, 253.0500, 0.0500, 348.0000, 1, ''),
(202, 43, 1, 9, '92171-0864', 'Clamp', 78925.0000, 0.2700, 95223.0000, 237.7200, 0.0500, 9040.0000, 1, ''),
(203, 43, 1, 9, '92171-1706', 'Clamp', 30000.0000, 0.2700, 36195.0000, 90.3600, 0.0500, 4156.0000, 1, ''),
(204, 43, 1, 10, '92002-1166', 'Screw (6x16)', 25806.0000, 0.2700, 31135.0000, 77.7300, 0.0500, 3659.0000, 1, 'nnn'),
(205, 43, 1, 10, '13048-0015', 'CAM-DAMPER', 39029.0000, 0.2700, 47088.0000, 117.5500, 0.0500, 5829.0000, 1, ''),
(206, 43, 1, 10, '13087-0038', 'HUB-CLUTCH,MOVABLE', 5147.0000, 0.2700, 6210.0000, 15.5000, 0.0500, 8169.0000, 1, ''),
(207, 43, 1, 10, '13087-0044', 'HUB-CLUTCH,FIXED', 21231.0000, 0.2700, 25615.0000, 63.9500, 0.0500, 3358.0000, 1, ''),
(208, 43, 1, 10, '13088-0031', 'PLATE-FRICTION', 90712.0000, 0.2700, 109444.0000, 273.2200, 0.0500, 2282.0000, 1, ''),
(209, 43, 1, 10, '13088-0033', 'PLATE-FRICTION', 52126.0000, 0.2700, 62890.0000, 157.0000, 0.0500, 1336.0000, 1, ''),
(210, 43, 1, 10, '13088-0037', 'PLATE-FRICTION', 101075.0000, 0.2700, 121947.0000, 304.4300, 0.0500, 9834.0000, 1, ''),
(211, 43, 1, 10, '13089-0018', 'PLATE-CLUTCH,T=2.6', 11255.0000, 0.2700, 13579.0000, 33.9000, 0.0500, 5164.0000, 1, ''),
(212, 43, 1, 10, '13089-0019', 'PLATE-CLUTCH,T=2.3', 90795.0000, 0.2700, 109544.0000, 273.4700, 0.0500, 6320.0000, 1, ''),
(213, 43, 1, 10, '13089-0020', 'PLATE-CLUTCH,T=2.9', 82465.0000, 0.2700, 99494.0000, 248.3800, 0.0500, 6108.0000, 1, ''),
(214, 43, 1, 10, '13091-1041', 'HOLDER CLUTCH SPRING', 27361.0000, 0.2700, 33011.0000, 82.4100, 0.0500, 1578.0000, 1, ''),
(215, 43, 1, 10, '13095-0084', 'HOUSING-COMP-CLUTCH', 1991.0000, 0.2700, 2402.0000, 6.0000, 0.0500, 9568.0000, 1, ''),
(216, 43, 1, 10, '13107-1299', 'SHAFT,CLUTCH', 40453.0000, 0.2700, 48807.0000, 121.8400, 0.0500, 3105.0000, 1, ''),
(217, 43, 1, 10, '13116-0022', 'ROD-PUSH', 83710.0000, 0.2700, 100996.0000, 252.1300, 0.0500, 6821.0000, 1, ''),
(218, 43, 1, 10, '13116-1102', 'ROD-PUSH,CLUTCH', 72032.0000, 0.2700, 86907.0000, 216.9600, 0.0500, 4792.0000, 1, ''),
(219, 43, 1, 10, '13187-0012', 'PLATE-CLUTCH OPERATING', 109030.0000, 0.2700, 131545.0000, 328.3900, 0.0500, 3496.0000, 1, ''),
(220, 43, 1, 10, '13231-0002', 'RELEASE-ASSY-CLUTCH', 103890.0000, 0.2700, 125343.0000, 312.9100, 0.0500, 3106.0000, 1, ''),
(221, 43, 1, 10, '13256-0004', 'PISTON', 79782.0000, 0.2700, 96257.0000, 240.3000, 0.0500, 5041.0000, 1, ''),
(222, 43, 1, 10, '13280-0206', 'HOLDER,NO MARK', 87240.0000, 0.2700, 105255.0000, 262.7600, 0.0500, 5889.0000, 1, ''),
(223, 43, 1, 10, '13280-0207', 'HOLDER,ONE MARK', 84274.0000, 0.2700, 101677.0000, 253.8300, 0.0500, 4324.0000, 1, ''),
(224, 43, 1, 10, '39130-1078', 'Washer (Lock)', 47070.0000, 0.2700, 56790.0000, 141.7700, 0.0500, 3950.0000, 1, ''),
(225, 43, 1, 10, '39130-1079', 'Washer (Lock)', 95110.0000, 0.2700, 114750.0000, 286.4700, 0.0500, 6780.0000, 1, ''),
(226, 43, 1, 10, '43056-1056', 'Bleed screw', 109178.0000, 0.2700, 131723.0000, 328.8400, 0.0500, 2051.0000, 1, ''),
(227, 43, 1, 10, '43057-1001', 'CAP-BREATHER', 35399.0000, 0.2700, 42709.0000, 106.6200, 0.0500, 9914.0000, 1, ''),
(228, 43, 1, 10, '92022-1114', 'WASHER,LOCK', 74623.0000, 0.2700, 90033.0000, 224.7600, 0.0500, 3420.0000, 1, ''),
(229, 43, 1, 10, '92022-1463', 'WASHER,15.1X29X1.0', 41755.0000, 0.2700, 50377.0000, 125.7600, 0.0500, 7358.0000, 1, ''),
(230, 43, 1, 10, '92022-1857', 'WASHER,25.3X56X2.0', 97490.0000, 0.2700, 117622.0000, 293.6400, 0.0500, 6529.0000, 1, ''),
(231, 43, 1, 10, '92026-1043', 'SPACER,3.5X59X70', 24441.0000, 0.2700, 29488.0000, 73.6200, 0.0500, 573.0000, 1, ''),
(232, 43, 1, 10, '92026-1263', 'SPACER,CLUTCH RELEASE', 54897.0000, 0.2700, 66233.0000, 165.3500, 0.0500, 3279.0000, 1, ''),
(233, 43, 1, 10, '92026-1497', 'Spacer', 88583.0000, 0.2700, 106875.0000, 266.8100, 0.0500, 4677.0000, 1, ''),
(234, 43, 1, 10, '92028-1934', 'BUSHING', 53063.0000, 0.2700, 64021.0000, 159.8200, 0.0500, 3550.0000, 1, ''),
(235, 43, 1, 10, '92033-0048', 'RING-SNAP,98.5X3.4', 112145.0000, 0.2700, 135303.0000, 337.7800, 0.0500, 3717.0000, 1, ''),
(236, 43, 1, 10, '92046-1052', 'Needle bearing', 63793.0000, 0.2700, 76966.0000, 192.1400, 0.0500, 7935.0000, 1, ''),
(237, 43, 1, 10, '92046-1267', 'Needle bearing', 95113.0000, 0.2700, 114754.0000, 286.4800, 0.0500, 8526.0000, 1, ''),
(238, 43, 1, 10, '92049-0086', 'Oil seal', 59026.0000, 0.2700, 71215.0000, 177.7800, 0.0500, 8826.0000, 1, ''),
(239, 43, 1, 10, '92144-1084', 'SPRING,CLUTCH RELEASE', 9792.0000, 0.2700, 11814.0000, 29.4900, 0.0500, 8551.0000, 1, ''),
(240, 43, 1, 10, '92145-0440', 'SPRING,15X2.7', 97041.0000, 0.2700, 117080.0000, 292.2800, 0.0500, 6278.0000, 1, ''),
(241, 43, 1, 10, '92145-0537', 'Spring', 5508.0000, 0.2700, 6645.0000, 16.5900, 0.0500, 5739.0000, 1, ''),
(242, 43, 1, 10, '92150-1477', 'BOLT,CLUTCH', 74161.0000, 0.2700, 89475.0000, 223.3700, 0.0500, 9862.0000, 1, ''),
(243, 43, 1, 10, '92154-1836', 'Screw', 16537.0000, 0.2700, 19952.0000, 49.8100, 0.0500, 2093.0000, 1, ''),
(244, 43, 1, 10, '92210-0152', 'Nut', 85365.0000, 0.2700, 102993.0000, 257.1200, 0.0500, 880.0000, 1, ''),
(245, 43, 1, 11, '130BA-0616', '5 pc - Screw', 39470.0000, 0.2700, 47621.0000, 118.8800, 0.0500, 8122.0000, 1, ''),
(246, 43, 1, 11, '130BA-0625', '5 pc - Screw', 53839.0000, 0.2700, 64957.0000, 162.1600, 0.0500, 7972.0000, 1, ''),
(247, 43, 1, 11, '13236-0104', 'Clutch lever', 38204.0000, 0.2700, 46093.0000, 115.0700, 0.0500, 5492.0000, 1, ''),
(248, 43, 1, 11, '13272-0220', 'PLATE', 29505.0000, 0.2700, 35598.0000, 88.8700, 0.0500, 3545.0000, 1, ''),
(249, 43, 1, 11, '27010-0051', 'Switch clutch lever', 32911.0000, 0.2700, 39707.0000, 99.1300, 0.0500, 1248.0000, 1, ''),
(250, 43, 1, 11, '43020-0013', 'PISTON-COMP-BRAKE', 76041.0000, 0.2700, 91743.0000, 229.0300, 0.0500, 5608.0000, 1, ''),
(251, 43, 1, 11, '43026-0012', 'Brake fluid reservoir cover', 56309.0000, 0.2700, 67937.0000, 169.6000, 0.0500, 4296.0000, 1, ''),
(252, 43, 1, 11, '43027-0003', 'Spacer', 53424.0000, 0.2700, 64456.0000, 160.9100, 0.0500, 4657.0000, 1, ''),
(253, 43, 1, 11, '43028-0008', 'DIAPHRAGM', 98192.0000, 0.2700, 118469.0000, 295.7500, 0.0500, 396.0000, 1, ''),
(254, 43, 1, 11, '43056-1056', 'Bleed screw', 105528.0000, 0.2700, 127320.0000, 317.8500, 0.0500, 8012.0000, 1, ''),
(255, 43, 1, 11, '43057-1001', 'CAP-BREATHER', 7903.0000, 0.2700, 9535.0000, 23.8000, 0.0500, 8872.0000, 1, ''),
(256, 43, 1, 11, '43078-0049', 'RESERVOIR', 60674.0000, 0.2700, 73203.0000, 182.7500, 0.0500, 325.0000, 1, ''),
(257, 43, 1, 11, '43095-0298', 'HOSE-BRAKE,CLUTCH', 54497.0000, 0.2700, 65751.0000, 164.1400, 0.0500, 5010.0000, 1, 'No longer available'),
(258, 43, 1, 11, '49091-0001', '5 pc - WASHER-SEAL,10.1X14.5X1.', 90467.0000, 0.2700, 109148.0000, 272.4800, 0.0500, 4073.0000, 1, ''),
(259, 43, 1, 11, '92015-1233', 'Nut (6 mm BLACK)', 63680.0000, 0.2700, 76830.0000, 191.8000, 0.0500, 5337.0000, 1, ''),
(260, 43, 1, 11, '92033-0034', 'RING-SNAP', 47002.0000, 0.2700, 56708.0000, 141.5700, 0.0500, 4466.0000, 1, ''),
(261, 43, 1, 11, '92055-0137', 'O-Ring', 43968.0000, 0.2700, 53047.0000, 132.4300, 0.0500, 6319.0000, 1, ''),
(262, 43, 1, 11, '92055-0741', 'O-Ring (MASTER CYLINDER)', 78837.0000, 0.2700, 95117.0000, 237.4500, 0.0500, 8197.0000, 1, ''),
(263, 43, 1, 11, '92153-0868', 'BOLT,LEVER', 37120.0000, 0.2700, 44785.0000, 111.8000, 0.0500, 2027.0000, 1, ''),
(264, 43, 1, 11, '92153-1419', 'BOLT,OIL,L=23', 61669.0000, 0.2700, 74404.0000, 185.7400, 0.0500, 5548.0000, 1, ''),
(265, 43, 1, 11, '92153-1518', 'Screw (6x22)', 84407.0000, 0.2700, 101837.0000, 254.2300, 0.0500, 1656.0000, 1, ''),
(266, 43, 1, 11, '92153-1853', 'Screw (6x12)', 11864.0000, 0.2700, 14314.0000, 35.7300, 0.0500, 1640.0000, 1, ''),
(267, 43, 1, 11, '92171-0633', 'Clamp', 31262.0000, 0.2700, 37718.0000, 94.1600, 0.0500, 3231.0000, 1, ''),
(268, 43, 1, 11, '92172-0319', 'Screw', 8137.0000, 0.2700, 9817.0000, 24.5100, 0.0500, 1234.0000, 1, ''),
(269, 43, 1, 11, '92172-0320', 'SCREW,4X20', 59479.0000, 0.2700, 71761.0000, 179.1500, 0.0500, 6476.0000, 1, ''),
(270, 43, 1, 11, '92172-0349', 'SCREW,3X16', 47825.0000, 0.2700, 57701.0000, 144.0500, 0.0500, 8682.0000, 1, ''),
(271, 43, 1, 12, '220AA-0545', 'SCREW-PAN-CROSS,5X45', 60686.0000, 0.2700, 73218.0000, 182.7800, 0.0500, 3982.0000, 1, 'No longer available'),
(272, 43, 1, 12, '11054-0901', 'BRACKET,LWR COWLING,LH', 47376.0000, 0.2700, 57159.0000, 142.6900, 0.0500, 3866.0000, 1, 'No longer available'),
(273, 43, 1, 12, '11054-0902', 'BRACKET,LWR COWLING,RH', 54822.0000, 0.2700, 66143.0000, 165.1200, 0.0500, 7382.0000, 1, 'No longer available'),
(274, 43, 1, 12, '11055-0152', 'BRACKET,PAD,LH', 19400.0000, 0.2700, 23406.0000, 58.4300, 0.0500, 5311.0000, 1, ''),
(275, 43, 1, 12, '11055-0153', 'BRACKET,PAD,RH', 45118.0000, 0.2700, 54435.0000, 135.8900, 0.0500, 4413.0000, 1, ''),
(276, 43, 1, 12, '39156-0348', 'PAD,LWR COWLING,LH', 54808.0000, 0.2700, 66126.0000, 165.0800, 0.0500, 6132.0000, 1, ''),
(277, 43, 1, 12, '39156-0349', 'PAD,LWR COWLING,RH', 26106.0000, 0.2700, 31497.0000, 78.6300, 0.0500, 7421.0000, 1, ''),
(278, 43, 1, 12, '39156-0350', 'PAD,LWR COWLING,LH', 78688.0000, 0.2700, 94937.0000, 237.0000, 0.0500, 8709.0000, 1, ''),
(279, 43, 1, 12, '39156-0352', 'PAD,LWR COWLING,RH', 89958.0000, 0.2700, 108534.0000, 270.9500, 0.0500, 1283.0000, 1, ''),
(280, 43, 1, 12, '39156-0362', 'PAD,LWR COWLING,LH', 101147.0000, 0.2700, 122034.0000, 304.6500, 0.0500, 287.0000, 1, ''),
(281, 43, 1, 12, '39156-0363', 'PAD,LWR COWLING,RH', 10700.0000, 0.2700, 12910.0000, 32.2300, 0.0500, 7589.0000, 1, ''),
(282, 43, 1, 12, '55028-0181', 'COWLING,LWR,FR', 87800.0000, 0.2700, 105931.0000, 264.4500, 0.0500, 7085.0000, 1, ''),
(283, 43, 1, 12, '55028-0199-18T', 'COWLING,LWR,LH,BLACK', 69159.0000, 0.2700, 83440.0000, 208.3000, 0.0500, 2656.0000, 1, ''),
(284, 43, 1, 12, '55028-0200-18T', 'COWLING,LWR,RH,BLACK', 82395.0000, 0.2700, 99410.0000, 248.1700, 0.0500, 2025.0000, 1, ''),
(285, 43, 1, 12, '92015-1757', 'Nut (5 mm) (rubber)', 91920.0000, 0.2700, 110901.0000, 276.8600, 0.0500, 2159.0000, 1, ''),
(286, 43, 1, 12, '92039-0014', 'Rivet - panel fixing (8 mm)', 99832.0000, 0.2700, 120447.0000, 300.6900, 0.0500, 4719.0000, 1, ''),
(287, 43, 1, 12, '92152-0605', 'COLLAR,5.6X8X35', 110821.0000, 0.2700, 133706.0000, 333.7900, 0.0500, 7121.0000, 1, ''),
(288, 43, 1, 12, '92153-0489', 'Screw', 29449.0000, 0.2700, 35530.0000, 88.7000, 0.0500, 1448.0000, 1, ''),
(289, 43, 1, 12, '92154-0209', 'Screw (5x16)', 39943.0000, 0.2700, 48191.0000, 120.3100, 0.0500, 5876.0000, 1, ''),
(290, 43, 1, 12, '92172-0262', '10 pc - SCREW,TAPPING,5X10', 111371.0000, 0.2700, 134369.0000, 335.4400, 0.0500, 5036.0000, 1, ''),
(291, 43, 1, 12, '92200-0006', '5 pc - Washer (plastic)', 99280.0000, 0.2700, 119781.0000, 299.0300, 0.0500, 7555.0000, 1, ''),
(292, 43, 1, 12, '92200-0157', '5 pc - Washer (plastic)', 49708.0000, 0.2700, 59973.0000, 149.7200, 0.0500, 2667.0000, 1, ''),
(293, 43, 1, 12, '92200-0284', '5 pc - WASHER,5.5X20X1.2', 63283.0000, 0.2700, 76351.0000, 190.6100, 0.0500, 670.0000, 1, ''),
(294, 43, 1, 12, '92210-0351', 'NUT,5MM', 54709.0000, 0.2700, 66006.0000, 164.7800, 0.0500, 5350.0000, 1, ''),
(308, 37, 29, 93, '1001531008', 'Tömítés', 83696.0000, 0.2700, 100979.0000, 252.0900, 0.0500, 4739.0000, 1, '2 db. kell belőle'),
(309, 37, 29, 93, '1002725058', 'Szelepfedél', 29192.0000, 0.2700, 35220.0000, 87.9300, 0.0500, 7648.0000, 1, ' '),
(310, 37, 29, 93, '1000619335', 'Terelő lemez', 7455.0000, 0.2700, 8994.0000, 22.4500, 0.0500, 4022.0000, 1, '2 db. kell belőle'),
(311, 37, 29, 93, '1001531016', 'Tömítés - szelepfedél', 62278.0000, 0.2700, 75138.0000, 187.5800, 0.0500, 7165.0000, 1, ' '),
(312, 37, 29, 93, '1000610985', 'Reed szelep', 63863.0000, 0.2700, 77051.0000, 192.3500, 0.0500, 3762.0000, 1, '2 db. kell belőle'),
(313, 37, 29, 93, '1002202172', 'COVER, REED VALVE', 19901.0000, 0.2700, 24011.0000, 59.9400, 0.0500, 7313.0000, 1, ' '),
(314, 37, 29, 93, '1002727720', 'Csavar', 20496.0000, 0.2700, 24728.0000, 61.7300, 0.0500, 5280.0000, 1, '2 db. kell belőle'),
(315, 37, 29, 93, '1000635404', 'Szelepfedél csavar', 42779.0000, 0.2700, 48896.0000, 122.0700, 0.0500, 4460.0000, 1, '3 db. kell belőle'),
(316, 37, 29, 94, '1000647519', 'Tömítés - szelepfedél', 39825.0000, 0.2700, 48049.0000, 119.9500, 0.0500, 6462.0000, 1, '3 db. kell belőle'),
(317, 37, 29, 94, '1000655510', 'Illesztőcsap (10x16)', 70791.0000, 0.2700, 85409.0000, 213.2200, 0.0500, 8930.0000, 1, '2 db. kell belőle'),
(318, 37, 29, 94, '1002724810', 'COVER COMP., A.C. GENERAT', 9316.0000, 0.2700, 11240.0000, 28.0600, 0.0500, 5263.0000, 1, 'rendelésre'),
(319, 37, 29, 94, '1001530878', 'COVER COMP., L. RR.', 59373.0000, 0.2700, 71634.0000, 178.8300, 0.0500, 9528.0000, 1, 'rendelésre'),
(320, 37, 29, 94, '1000621872', 'Olaj betöltő sapka', 43752.0000, 0.2700, 52787.0000, 131.7800, 0.0500, 1849.0000, 1, 'rendelésre'),
(321, 37, 29, 94, '1002235872', 'Olajszint ellenörző nívópálca', 40644.0000, 0.2700, 49037.0000, 122.4200, 0.0500, 661.0000, 1, 'rendelésre'),
(322, 37, 29, 94, '1001532048', 'GUIDE, DRIVE CHAIN', 71962.0000, 0.2700, 86822.0000, 216.7500, 0.0500, 7759.0000, 1, 'rendelésre'),
(323, 37, 29, 94, '1000634225', 'TARTÓ, VEZETÉKKÖTEG PATENT', 12718.0000, 0.2700, 15344.0000, 38.3100, 0.0500, 6813.0000, 1, 'rendelésre'),
(324, 37, 29, 94, '1003408157', 'SENSOR ASSY,CRANK', 72867.0000, 0.2700, 87914.0000, 219.4700, 0.0500, 786.0000, 1, 'rendelésre'),
(325, 37, 29, 94, '1002236559', 'Csavar', 101017.0000, 0.2700, 121877.0000, 304.2600, 0.0500, 3495.0000, 1, 'rendelésre'),
(326, 37, 29, 94, '1002911451', 'Csavar (6x25)', 61325.0000, 0.2700, 73989.0000, 184.7100, 0.0500, 5118.0000, 1, 'rendelésre'),
(327, 37, 29, 94, '1002623966', 'Csavar', 3572.0000, 0.2700, 4310.0000, 10.7600, 0.0500, 5103.0000, 1, 'rendelésre'),
(328, 37, 29, 95, '1002725875', 'PLATE, CRANK PULSER', 59049.0000, 0.2700, 71243.0000, 177.8500, 0.0500, 162.0000, 1, 'rendelésre'),
(329, 37, 29, 95, '1002725892', 'FLYWHEEL COMP.', 59368.0000, 0.2700, 71627.0000, 178.8100, 0.0500, 5500.0000, 1, 'rendelésre'),
(330, 37, 29, 95, '1002725918', 'Gyújtás alaplap állórész (generátor)', 7114.0000, 0.2700, 8583.0000, 21.4300, 0.0500, 7015.0000, 1, 'rendelésre'),
(331, 37, 29, 95, '1002725989', 'CLAMPER, A.C. GENERATOR C', 82627.0000, 0.2700, 99689.0000, 248.8700, 0.0500, 8574.0000, 1, 'rendelésre'),
(332, 37, 29, 96, '1001532193', 'MOTOR ASSY., STARTER', 54050.0000, 0.2700, 65211.0000, 162.8000, 0.0500, 1827.0000, 1, 'rendelésre'),
(333, 37, 29, 96, '1000628221', 'Szénkefe', 22370.0000, 0.2700, 26989.0000, 67.3800, 0.0500, 3415.0000, 1, 'rendelésre'),
(334, 37, 29, 96, '1000628243', 'Szénkefe', 62283.0000, 0.2700, 75144.0000, 187.5900, 0.0500, 1593.0000, 1, 'rendelésre'),
(335, 37, 29, 96, '1000637118', 'Szénkefe tartó', 19141.0000, 0.2700, 23094.0000, 57.6500, 0.0500, 7722.0000, 1, 'rendelésre'),
(336, 37, 29, 96, '1000654249', 'Rugó', 21440.0000, 0.2700, 25867.0000, 64.5800, 0.0500, 3831.0000, 1, 'rendelésre'),
(337, 37, 29, 96, '1000625415', 'Csavar', 49778.0000, 0.2700, 60057.0000, 149.9300, 0.0500, 5990.0000, 1, 'rendelésre'),
(338, 37, 29, 96, '1000648958', 'Csavar (Connector)', 71987.0000, 0.2700, 86852.0000, 216.8200, 0.0500, 8456.0000, 1, 'rendelésre'),
(339, 37, 29, 97, '1002201631', 'PAN COMP., OIL', 98019.0000, 0.2700, 118260.0000, 295.2300, 0.0500, 4313.0000, 1, 'rendelésre'),
(340, 37, 29, 97, '1001530896', 'Tömítés - olajteknő', 48976.0000, 0.2700, 59090.0000, 147.5100, 0.0500, 6195.0000, 1, 'rendelésre'),
(341, 37, 29, 97, '1002822585', 'Olajszűrő (KIT)', 63404.0000, 0.2700, 76497.0000, 190.9700, 0.0500, 8038.0000, 1, ''),
(342, 37, 29, 97, '1002055303', 'Olajpumpa - olajszivattyú', 57509.0000, 0.2700, 69385.0000, 173.2100, 0.0500, 1607.0000, 1, 'rendelésre'),
(343, 37, 29, 97, '1002725176', 'GEAR COMP., OIL PUMP DRIV', 97337.0000, 0.2700, 117437.0000, 293.1700, 0.0500, 3919.0000, 1, 'rendelésre'),
(344, 37, 29, 98, '1002724768', 'CRANKCASE SET', 88994.0000, 0.2700, 107371.0000, 268.0500, 0.0500, 4776.0000, 1, 'rendelésre'),
(345, 37, 29, 98, '1001530827', 'COLLAR, ENGINE HANGE', 40378.0000, 0.2700, 48716.0000, 121.6200, 0.0500, 2125.0000, 1, 'rendelésre'),
(346, 37, 29, 98, '1002724785', 'JET COMP., OIL', 47489.0000, 0.2700, 57295.0000, 143.0300, 0.0500, 6295.0000, 1, 'rendelésre'),
(347, 37, 29, 98, '1001530833', 'ORIFICE', 3730.0000, 0.2700, 4500.0000, 11.2300, 0.0500, 5100.0000, 1, 'rendelésre'),
(348, 37, 29, 98, '1002724795', 'ORIFICE, 1.2MM', 101345.0000, 0.2700, 122273.0000, 305.2500, 0.0500, 6617.0000, 1, 'rendelésre'),
(349, 37, 29, 98, '1001530899', 'COVER COMP., REDUCTI', 45213.0000, 0.2700, 54549.0000, 136.1800, 0.0500, 7784.0000, 1, 'rendelésre'),
(350, 37, 29, 99, '1001530844', 'HOLDER COMP., RR. BA', 34613.0000, 0.2700, 41761.0000, 104.2500, 0.0500, 9069.0000, 1, 'rendelésre'),
(351, 37, 29, 99, '1002725089', 'Dugattyúgyűrű szett (STD)', 37425.0000, 0.2700, 45153.0000, 112.7200, 0.0500, 1995.0000, 1, 'rendelésre'),
(352, 37, 29, 99, '1002725100', 'PISTON', 83288.0000, 0.2700, 100487.0000, 250.8600, 0.0500, 2770.0000, 1, 'rendelésre'),
(353, 37, 29, 99, '1002725110', 'Dugattyú csapszeg', 79002.0000, 0.2700, 95316.0000, 237.9500, 0.0500, 7864.0000, 1, 'rendelésre'),
(354, 37, 29, 99, '1000653555', 'BIZTOSÍTÓGYŰRŰ, DUGATTYÚ-CSAPSZEG 22MM', 32565.0000, 0.2700, 39290.0000, 98.0800, 0.0500, 1010.0000, 1, 'rendelésre'),
(355, 37, 29, 99, '1002725111', 'Hajtókar', 38401.0000, 0.2700, 46331.0000, 115.6600, 0.0500, 1459.0000, 1, 'rendelésre'),
(356, 37, 29, 99, '1001531060', 'Hajtókar csavar', 94310.0000, 0.2700, 113785.0000, 284.0600, 0.0500, 4267.0000, 1, 'rendelésre'),
(357, 37, 29, 100, '1001531978', 'MAINSHAFT (15T)', 18603.0000, 0.2700, 22445.0000, 56.0300, 0.0500, 6958.0000, 1, 'rendelésre'),
(358, 37, 29, 100, '1001531980', 'PLATE, BEARING SETTI', 35251.0000, 0.2700, 42530.0000, 106.1700, 0.0500, 1991.0000, 1, 'rendelésre'),
(359, 37, 29, 100, '1001531982', 'COUNTERSHAFT COMP.', 7863.0000, 0.2700, 9487.0000, 23.6800, 0.0500, 9079.0000, 1, 'rendelésre'),
(360, 37, 29, 100, '1002725749', 'GEAR, COUNTERSHAFT FIRST', 46145.0000, 0.2700, 55674.0000, 138.9900, 0.0500, 9423.0000, 1, 'rendelésre'),
(361, 37, 29, 100, '1002725758', 'GEAR, MAINSHAFT SECOND (1', 94553.0000, 0.2700, 114078.0000, 284.7900, 0.0500, 9878.0000, 1, 'rendelésre'),
(362, 37, 29, 101, '1001532052', 'FORK, GEARSHIFT', 109171.0000, 0.2700, 131715.0000, 328.8200, 0.0500, 1121.0000, 1, 'rendelésre'),
(363, 37, 29, 101, '1001532055', 'FORK, CENTER GEARSHI', 37034.0000, 0.2700, 44682.0000, 111.5400, 0.0500, 5973.0000, 1, 'rendelésre'),
(364, 37, 29, 101, '1002725842', 'SHAFT, GEARSHIFT FORK', 82818.0000, 0.2700, 99920.0000, 249.4400, 0.0500, 6503.0000, 1, 'rendelésre'),
(365, 37, 29, 101, '1002823095', 'DRUM COMP., GEARSHIFT', 77829.0000, 0.2700, 93901.0000, 234.4200, 0.0500, 4595.0000, 1, 'rendelésre'),
(366, 37, 29, 101, '1000592731', 'KÖZÉPELEM, SEBESSÉGVÁLTÓ DOB', 28108.0000, 0.2700, 33912.0000, 84.6600, 0.0500, 3468.0000, 1, 'rendelésre'),
(367, 37, 29, 101, '1002202739', 'STOPPER COMP., GEARSHIFT', 19633.0000, 0.2700, 23687.0000, 59.1300, 0.0500, 3555.0000, 1, 'rendelésre'),
(368, 37, 29, 101, '1001532075', 'SPRING, GEARSHIFT DR', 13845.0000, 0.2700, 16704.0000, 41.7000, 0.0500, 7372.0000, 1, 'rendelésre'),
(369, 37, 29, 101, '1002725855', 'Váltótengely', 10324.0000, 0.2700, 12456.0000, 31.1000, 0.0500, 6197.0000, 1, 'rendelésre'),
(370, 37, 29, 101, '1001532080', 'PLATE, SPINDLE SETTI', 10086.0000, 0.2700, 12169.0000, 30.3800, 0.0500, 8867.0000, 1, 'rendelésre'),
(371, 37, 29, 102, '1002724990', 'Hengerfej', 19458.0000, 0.2700, 23476.0000, 58.6100, 0.0500, 5747.0000, 1, 'rendelésre'),
(372, 37, 29, 102, '1001530998', 'GUIDE, IN. VALVE (O.', 67034.0000, 0.2700, 80877.0000, 201.9000, 0.0500, 2132.0000, 1, 'rendelésre'),
(373, 37, 29, 102, '1001530999', 'GUIDE, EX. VALVE (O.', 51632.0000, 0.2700, 62294.0000, 155.5100, 0.0500, 3422.0000, 1, 'rendelésre'),
(374, 37, 29, 102, '1002725054', 'Tömítés - hengerfej', 57060.0000, 0.2700, 68843.0000, 171.8600, 0.0500, 715.0000, 1, 'rendelésre'),
(375, 37, 29, 102, '1002725410', 'INSULATOR COMP., THROTTLE', 17823.0000, 0.2700, 21503.0000, 53.6800, 0.0500, 3310.0000, 1, 'rendelésre'),
(376, 37, 29, 103, '1002725401', 'STAY, COUPLER', 30519.0000, 0.2700, 36821.0000, 91.9200, 0.0500, 4406.0000, 2, 'rendelésre'),
(377, 37, 29, 103, '1002725467', 'BODY ASSY., THROTTLE (GNJ', 99123.0000, 0.2700, 119592.0000, 298.5500, 0.0500, 2098.0000, 1, 'rendelésre'),
(378, 37, 29, 103, '1002725474', 'STAY, PB SENSOR', 66318.0000, 0.2700, 80013.0000, 199.7500, 0.0500, 7275.0000, 1, 'rendelésre'),
(379, 37, 29, 103, '1002725483', 'BODY SET', 34221.0000, 0.2700, 41288.0000, 103.0700, 0.0500, 81.0000, 1, 'rendelésre'),
(380, 37, 29, 103, '1002725484', 'TUBE, PB (#1)', 84732.0000, 0.2700, 102229.0000, 255.2100, 0.0500, 8579.0000, 1, 'rendelésre'),
(381, 37, 29, 103, '1002725485', 'TUBE, PB (#2)', 95834.0000, 0.2700, 115624.0000, 288.6500, 0.0500, 2654.0000, 1, 'rendelésre'),
(382, 37, 29, 103, '1002725493', 'INJECTOR ASSY., FUEL', 112396.0000, 0.2700, 135606.0000, 338.5300, 0.0500, 7533.0000, 1, 'rendelésre'),
(383, 37, 29, 103, '1002620282', 'SEAL RING, INJECTOR', 49317.0000, 0.2700, 59501.0000, 148.5400, 0.0500, 9703.0000, 1, 'rendelésre'),
(384, 37, 29, 103, '1000648191', 'Csavar', 21979.0000, 0.2700, 26518.0000, 66.2000, 0.0500, 5918.0000, 1, 'rendelésre'),
(385, 37, 29, 104, '1000629535', 'Szelepszár szimering', 74523.0000, 0.2700, 89912.0000, 224.4600, 0.0500, 483.0000, 1, ''),
(386, 37, 29, 104, '1000629299', 'Szelepszár szimering', 81519.0000, 0.2700, 98353.0000, 245.5300, 0.0500, 4658.0000, 1, 'rendelésre'),
(387, 37, 29, 104, '1002725132', 'Vezérműtengely', 71445.0000, 0.2700, 86198.0000, 215.1900, 0.0500, 1842.0000, 1, 'rendelésre'),
(388, 37, 29, 104, '1002725161', 'ARM COMP. A, EX. ROCKER', 85.0000, 0.2700, 103.0000, 0.2600, 0.0500, 5236.0000, 1, 'rendelésre'),
(389, 37, 29, 104, '1002725162', 'ARM COMP. B, EX. ROCKER', 11254.0000, 0.2700, 13578.0000, 33.9000, 0.0500, 656.0000, 1, 'rendelésre'),
(390, 37, 29, 104, '1001531127', 'SHAFT, ROCKER ARM', 56017.0000, 0.2700, 67585.0000, 168.7200, 0.0500, 7572.0000, 1, 'rendelésre'),
(391, 37, 29, 104, '1001531141', 'VALVE, IN.', 21161.0000, 0.2700, 25531.0000, 63.7400, 0.0500, 5890.0000, 1, 'rendelésre'),
(392, 37, 29, 104, '1002725185', 'Szelep (EX)', 50337.0000, 0.2700, 60732.0000, 151.6100, 0.0500, 6738.0000, 1, 'rendelésre'),
(393, 37, 29, 104, '1002725187', 'Szelep emelő', 75620.0000, 0.2700, 91236.0000, 227.7600, 0.0500, 6018.0000, 1, 'rendelésre'),
(394, 37, 29, 104, '1002725191', 'Szeleprugó (IN)', 1927.0000, 0.2700, 2325.0000, 5.8000, 0.0500, 9877.0000, 1, 'rendelésre'),
(395, 37, 29, 104, '1002725194', 'Szeleprugó (EX)', 7937.0000, 0.2700, 9576.0000, 23.9100, 0.0500, 1333.0000, 1, 'rendelésre'),
(403, 43, 1, 1, '10000001', 'Gatyamadzag', 33906.0000, 0.2700, 40908.0000, 102.1200, 0.0500, 7034.0000, 1, '');

-- --------------------------------------------------------

--
-- Tábla szerkezet ehhez a táblához `motosystem_mstr`
--

CREATE TABLE `motosystem_mstr` (
  `MotoSystemID_MSTR` bigint(20) NOT NULL,
  `MotoSystemEUR_MSTR` double(14,4) NOT NULL,
  `MotoSystemVAT_MSTR` double(14,4) NOT NULL,
  `MotoSystemDiscount_MSTR` double(14,4) NOT NULL,
  `MotoSystemShowID_MSTR` varchar(1) NOT NULL,
  `MotoSystemHourPrice_MSTR` double(10,2) NOT NULL,
  `MotoSystemDateTime_MSTR` datetime NOT NULL DEFAULT current_timestamp(),
  `MotoSystemWebPath_MSTR` varchar(200) NOT NULL,
  `MotoSystemSessionDeadline_MSTR` int(11) NOT NULL,
  `MotoSystemNewOrderAutoUpdate_MSTR` int(11) NOT NULL,
  `MotoSystemMailText_MSTR` text NOT NULL
) ENGINE=InnoDB DEFAULT CHARSET=utf8mb4 COLLATE=utf8mb4_hungarian_ci;

--
-- A tábla adatainak kiíratása `motosystem_mstr`
--

INSERT INTO `motosystem_mstr` (`MotoSystemID_MSTR`, `MotoSystemEUR_MSTR`, `MotoSystemVAT_MSTR`, `MotoSystemDiscount_MSTR`, `MotoSystemShowID_MSTR`, `MotoSystemHourPrice_MSTR`, `MotoSystemDateTime_MSTR`, `MotoSystemWebPath_MSTR`, `MotoSystemSessionDeadline_MSTR`, `MotoSystemNewOrderAutoUpdate_MSTR`, `MotoSystemMailText_MSTR`) VALUES
(1, 400.5700, 0.2700, 0.0500, '1', 6780.00, '2025-10-22 14:11:33', 'http://localhost/MotoLandWeb/', 3600, 1, '<h3>Kedves Megrendelő!</h3>\r\nÖrömmel értesítünk, hogy megkezdtük rendelésed feldolgozását!\r\nKöszönjük, hogy minket választottál, nagyszerű döntést hoztál és ha bármilyen kérdésed merülne fel, kérjük látogasd meg a \'Gyakori kérdések\' oldalunkat!\r\nMíg várakozol a megrendelésedre, nézz szét oldalunkon, ahol további tippeket találsz a  kényelmes és biztonságos motorozáshoz.\r\nKérlek oszd meg ismerőseiddel véleményedet, tapasztalataidat a webshoppal és a termékekkel kapcsolatban! ');

-- --------------------------------------------------------

--
-- Tábla szerkezet ehhez a táblához `mototype_mstr`
--

CREATE TABLE `mototype_mstr` (
  `MotoTypeID_MSTR` int(11) NOT NULL,
  `MotoTypeManID_MSTR` int(11) NOT NULL,
  `MotoTypeType_MSTR` varchar(30) NOT NULL,
  `MotoTypeCode_MSTR` varchar(30) NOT NULL
) ENGINE=InnoDB DEFAULT CHARSET=utf8mb4 COLLATE=utf8mb4_hungarian_ci;

--
-- A tábla adatainak kiíratása `mototype_mstr`
--

INSERT INTO `mototype_mstr` (`MotoTypeID_MSTR`, `MotoTypeManID_MSTR`, `MotoTypeType_MSTR`, `MotoTypeCode_MSTR`) VALUES
(1, 43, '1400GTR ABS (ZG1400A8F)', 'VIN: JKBZGNA1'),
(2, 43, 'ER-6f (EX650A8F)', 'VIN: JKAEX650'),
(3, 43, 'ER-6f ABS (EX650B8F)', 'VIN: JKAEX650'),
(4, 43, 'ER-6n (ER650A8F)', 'VIN: JKAER650'),
(5, 43, 'ER-6n ABS (ER650B8F)', 'VIN: JKAER650'),
(6, 43, 'NINJA 250R (EX250J8F)', ''),
(7, 43, 'NINJA 250R (EX250K8F)', 'VIN: JKAEX250K'),
(8, 43, 'NINJA ZX-10R (ZX1000E8F)', 'VIN: JKAZXT00'),
(9, 43, 'NINJA ZX-6R (ZX600P8F)', 'VIN: JKAZX600'),
(10, 43, 'VERSYS (KLE650A8F)', 'VIN: JKALE650'),
(11, 43, 'VERSYS (KLE650B8F)', 'VIN: JKALE650'),
(12, 43, 'VN2000 CLASSIC (VN2000H8F)', 'VIN: JKBVNW00'),
(13, 43, 'VN900 CLASSIC (VN900B8F)', 'VIN: JKAVN900'),
(14, 43, 'VN900 CUSTOM (VN900C8F)', 'VIN: JKAVN900'),
(15, 43, 'Z1000 (ZR1000B8F)', 'VIN: JKAZRT00'),
(16, 43, 'Z1000 ABS (ZR1000C8F)', 'VIN: JKAZRT00'),
(17, 43, 'Z750 (ZR750L8F)', 'VIN: JKAZR750'),
(18, 43, 'Z750 ABS (ZR750M8F)', 'VIN: JKAZR750'),
(19, 43, 'ZZR1400 ABS (ZX1400D8F)', 'VIN: JKBZXT4, JKBZXT40'),
(29, 37, 'HONDA AFRICA TWIN ADV. SPORT', 'VIN: JH2SD10J, JH2SD09A'),
(30, 37, 'HONDA AFRICA TWIN ADV. SPORT E', 'VIN: JH2SD09C'),
(31, 37, 'HONDA AFRICA TWIN ADV. SPORTS ', 'VIN: JH2SD09B'),
(32, 37, 'HONDA AFRICA TWIN ADV. SPORTS ', 'VIN: JH2SD09D, JH2SD104, JH2SD'),
(33, 37, 'HONDA AFRICA TWIN CRF1100AL 20', 'VIN: JH2SD08A, JH2SD101'),
(34, 37, 'HONDA AFRICA TWIN DCT CRF1100D', 'VIN: JH2SD08B, JH2SD100'),
(35, 37, 'HONDA AFRICA TWIN ADV. SPORT D', 'VIN: JH2SD09B'),
(36, 37, 'HONDA AFRICA TWIN ADV. SPORT D', 'VIN: JH2SD09D, JH2SD107, JH2SD');

-- --------------------------------------------------------

--
-- Tábla szerkezet ehhez a táblához `orderstatus_mstr`
--

CREATE TABLE `orderstatus_mstr` (
  `OrderStatusID_MSTR` int(11) NOT NULL,
  `OrderStatusStatus_MSTR` varchar(60) NOT NULL
) ENGINE=InnoDB DEFAULT CHARSET=utf8mb4 COLLATE=utf8mb4_hungarian_ci;

--
-- A tábla adatainak kiíratása `orderstatus_mstr`
--

INSERT INTO `orderstatus_mstr` (`OrderStatusID_MSTR`, `OrderStatusStatus_MSTR`) VALUES
(0, 'kosárba helyezve'),
(1, 'rendelés elindítva'),
(2, 'feldolgozás alatt'),
(3, 'beszerzés folyamatban'),
(4, 'kiszállítás folyamatban'),
(5, 'technikai okok miatt törölve'),
(7, 'alkatrészhiány miatt törölve'),
(8, 'vásárlói elállás miatt törölve'),
(9, 'rendelés lezárva'),
(10, 'felhasználó törölve');

-- --------------------------------------------------------

--
-- Tábla szerkezet ehhez a táblához `ordersuser_mstr`
--

CREATE TABLE `ordersuser_mstr` (
  `OrdersUserID_MSTR` int(11) NOT NULL,
  `OrdersUserOrdersMSTRID_MSTR` int(11) NOT NULL,
  `OrdersUserUserName_MSTR` varchar(70) NOT NULL,
  `OrdersUserCountry_MSTR` varchar(230) NOT NULL,
  `OrdersUserPostCode_MSTR` varchar(8) NOT NULL,
  `OrdersUserCity_MSTR` varchar(30) NOT NULL,
  `OrdersUserStreet_MSTR` varchar(30) NOT NULL,
  `OrdersUserAddress_MSTR` varchar(50) NOT NULL,
  `OrdersUserPhone_MSTR` varchar(40) NOT NULL,
  `OrdersUserEmail_MSTR` varchar(64) NOT NULL,
  `OrdersUserRegDateTime_MSTR` datetime NOT NULL
) ENGINE=InnoDB DEFAULT CHARSET=utf8mb4 COLLATE=utf8mb4_hungarian_ci;

--
-- A tábla adatainak kiíratása `ordersuser_mstr`
--

INSERT INTO `ordersuser_mstr` (`OrdersUserID_MSTR`, `OrdersUserOrdersMSTRID_MSTR`, `OrdersUserUserName_MSTR`, `OrdersUserCountry_MSTR`, `OrdersUserPostCode_MSTR`, `OrdersUserCity_MSTR`, `OrdersUserStreet_MSTR`, `OrdersUserAddress_MSTR`, `OrdersUserPhone_MSTR`, `OrdersUserEmail_MSTR`, `OrdersUserRegDateTime_MSTR`) VALUES
(18, 0, 'Saláta Lajos', 'Hollandia', '15664', 'Bergen op Zoom', 'Rosenfeld', '125', '+36 30 555 55 55', 'mrkoverchenko@gmail.com', '2026-02-28 10:41:22');

-- --------------------------------------------------------

--
-- Tábla szerkezet ehhez a táblához `orders_det`
--

CREATE TABLE `orders_det` (
  `OrdersID_DET` int(11) NOT NULL,
  `OrdersMSTRID_DET` int(11) NOT NULL,
  `OrdersPartsNumber_DET` varchar(30) NOT NULL,
  `OrdersPartsName_DET` varchar(50) NOT NULL,
  `OrdersNettoPrice_DET` double(14,4) NOT NULL,
  `OrdersVAT_DET` double(14,4) NOT NULL,
  `OrdersDiscount_DET` double(14,4) NOT NULL,
  `OrdersBruttoPrice_DET` double(14,4) NOT NULL,
  `OrdersBruttoEURPrice_DET` double(14,4) NOT NULL,
  `OrdersQuantity_DET` double(14,4) NOT NULL,
  `OrdersQuantityUnit_DET` varchar(5) NOT NULL,
  `OrdersSupplierID_MSTR` int(11) NOT NULL,
  `OrdersPaymentTypeID_MSTR` int(11) NOT NULL
) ENGINE=InnoDB DEFAULT CHARSET=utf8mb4 COLLATE=utf8mb4_hungarian_ci;

--
-- A tábla adatainak kiíratása `orders_det`
--

INSERT INTO `orders_det` (`OrdersID_DET`, `OrdersMSTRID_DET`, `OrdersPartsNumber_DET`, `OrdersPartsName_DET`, `OrdersNettoPrice_DET`, `OrdersVAT_DET`, `OrdersDiscount_DET`, `OrdersBruttoPrice_DET`, `OrdersBruttoEURPrice_DET`, `OrdersQuantity_DET`, `OrdersQuantityUnit_DET`, `OrdersSupplierID_MSTR`, `OrdersPaymentTypeID_MSTR`) VALUES
(217, 148, '1001531008', 'Tömítés', 83696.0000, 27.0000, 5.0000, 100979.0000, 252.0900, 1.0000, 'DB.', 5, 3),
(218, 149, '1001531008', 'Tömítés', 83696.0000, 27.0000, 5.0000, 100979.0000, 252.0900, 1.0000, 'DB.', 4, 2),
(219, 150, '13151-0040', 'SWITCH-COMP', 110855.0000, 27.0000, 5.0000, 133747.0000, 333.8900, 1.0000, 'DB.', 3, 3),
(220, 151, '1001531008', 'Tömítés', 83696.0000, 27.0000, 5.0000, 100979.0000, 252.0900, 1.0000, 'DB.', 4, 3),
(221, 152, '1001531008', 'Tömítés', 83696.0000, 27.0000, 5.0000, 100979.0000, 252.0900, 1.0000, 'DB.', 4, 3),
(222, 158, '1001531008', 'Tömítés', 83696.0000, 27.0000, 5.0000, 100979.0000, 252.0900, 1.0000, 'DB.', 2, 3),
(223, 159, '1001531008', 'Tömítés', 83696.0000, 27.0000, 5.0000, 100979.0000, 252.0900, 1.0000, 'DB.', 3, 2);

-- --------------------------------------------------------

--
-- Tábla szerkezet ehhez a táblához `orders_mstr`
--

CREATE TABLE `orders_mstr` (
  `OrdersID_MSTR` int(11) NOT NULL,
  `OrdersUserID_MSTR` int(11) NOT NULL,
  `OrdersDateTime_MSTR` timestamp NOT NULL DEFAULT current_timestamp() ON UPDATE current_timestamp(),
  `OrdersFullCost_MSTR` double NOT NULL,
  `OrdersStatusStatusID_MSTR` int(11) NOT NULL,
  `OrdersUserTypeID_MSTR` int(11) NOT NULL,
  `OrdersNote_MSTR` tinytext NOT NULL,
  `OrdersASZFIsOK_MSTR` tinyint(1) NOT NULL
) ENGINE=InnoDB DEFAULT CHARSET=utf8mb4 COLLATE=utf8mb4_hungarian_ci;

--
-- A tábla adatainak kiíratása `orders_mstr`
--

INSERT INTO `orders_mstr` (`OrdersID_MSTR`, `OrdersUserID_MSTR`, `OrdersDateTime_MSTR`, `OrdersFullCost_MSTR`, `OrdersStatusStatusID_MSTR`, `OrdersUserTypeID_MSTR`, `OrdersNote_MSTR`, `OrdersASZFIsOK_MSTR`) VALUES
(148, 73, '2026-02-28 12:18:57', 100979, 1, 2, '', 1),
(149, 73, '2026-02-28 12:25:10', 100979, 1, 2, '', 1),
(150, 73, '2026-02-28 12:26:49', 133747, 1, 2, '', 1),
(151, 73, '2026-02-28 12:30:14', 100979, 1, 2, '', 1),
(152, 73, '2026-02-28 12:32:23', 100979, 1, 2, '', 1),
(158, 64, '2026-03-03 19:16:12', 100979, 1, 2, '', 1),
(159, 64, '2026-03-03 19:18:29', 100979, 1, 2, '', 1);

-- --------------------------------------------------------

--
-- Tábla szerkezet ehhez a táblához `password_mstr`
--

CREATE TABLE `password_mstr` (
  `PasswordID_MSTR` int(11) NOT NULL,
  `PasswordUserID_MSTR` int(11) NOT NULL,
  `PasswordPassword_MSTR` varchar(150) NOT NULL,
  `PasswordSalt_MSTR` varchar(150) NOT NULL,
  `PasswordStatusID_MSTR` int(11) NOT NULL
) ENGINE=InnoDB DEFAULT CHARSET=utf8mb4 COLLATE=utf8mb4_hungarian_ci;

--
-- A tábla adatainak kiíratása `password_mstr`
--

INSERT INTO `password_mstr` (`PasswordID_MSTR`, `PasswordUserID_MSTR`, `PasswordPassword_MSTR`, `PasswordSalt_MSTR`, `PasswordStatusID_MSTR`) VALUES
(56, 64, 'c42a7621ba1f5f9af7475c73b923e8ff470e8edbbb17713f28bcf5e7b8154152', 'J11PWzDLEfpl8dlgaFA1CywQlcjr5iW9tJg5Vvuq4ME=', 1);

-- --------------------------------------------------------

--
-- Tábla szerkezet ehhez a táblához `paymenttype_mstr`
--

CREATE TABLE `paymenttype_mstr` (
  `PaymentTypeID_MSTR` int(11) NOT NULL,
  `PaymentTypeName_MSTR` varchar(30) NOT NULL,
  `PaymentTypeCost_MSTR` int(11) NOT NULL
) ENGINE=InnoDB DEFAULT CHARSET=utf8mb4 COLLATE=utf8mb4_hungarian_ci;

--
-- A tábla adatainak kiíratása `paymenttype_mstr`
--

INSERT INTO `paymenttype_mstr` (`PaymentTypeID_MSTR`, `PaymentTypeName_MSTR`, `PaymentTypeCost_MSTR`) VALUES
(1, 'Fizetés előreutalással', 0),
(2, 'Fizetés kártyával a futárnál', 0),
(3, 'Fizetés készpénzzel a futárnál', 200),
(4, 'Leülöm a Fazekason', 1500);

-- --------------------------------------------------------

--
-- Tábla szerkezet ehhez a táblához `prebooking_mstr`
--

CREATE TABLE `prebooking_mstr` (
  `PreBookingID_MSTR` int(11) NOT NULL,
  `PreBookingDate_MSTR` date NOT NULL,
  `PreBookingFullName_MSTR` varchar(50) NOT NULL,
  `PreBookingPhone_MSTR` varchar(30) NOT NULL,
  `PreBookingMail_MSTR` varchar(50) NOT NULL,
  `PreBookingRegDateTime_MSTR` datetime NOT NULL
) ENGINE=InnoDB DEFAULT CHARSET=utf8mb4 COLLATE=utf8mb4_hungarian_ci;

--
-- A tábla adatainak kiíratása `prebooking_mstr`
--

INSERT INTO `prebooking_mstr` (`PreBookingID_MSTR`, `PreBookingDate_MSTR`, `PreBookingFullName_MSTR`, `PreBookingPhone_MSTR`, `PreBookingMail_MSTR`, `PreBookingRegDateTime_MSTR`) VALUES
(1, '2026-02-03', 's', 's', 's', '0000-00-00 00:00:00'),
(2, '2025-01-15', 'sg', 'ds', 'sdfsngMail', '0000-00-00 00:00:00'),
(3, '2026-02-04', '', '', '', '0000-00-00 00:00:00'),
(4, '2026-09-04', 'Lövei István ', '+36 46 52899', 'mrkoverchenko@gmail.com', '0000-00-00 00:00:00'),
(5, '2026-09-04', 'Lövei István ', '+36 46 52899', 'mrkoverchenko@gmail.com', '2026-02-24 21:24:12'),
(6, '2026-09-04', 'Lövei István ', '+36 46 52899', 'mrkoverchenko@gmail.com', '2026-02-24 21:25:36'),
(7, '2026-05-05', 'Lövei István ', '+36 46 52899', 'mrkoverchenko@gmail.com', '2026-02-24 21:28:01'),
(8, '2026-10-05', 'Lövei István ', '+36 46 52899', 'mrkoverchenko@gmail.com', '2026-02-24 21:31:28'),
(9, '2026-06-08', 'Gatya Terézia', '+36 20 555 55 55', 'mrkoverchenko@gmail.com', '2026-02-24 21:33:33'),
(10, '2026-12-07', 'Lövei István ', '+36 46 52899', 'mrkoverchenko@gmail.com', '2026-02-26 13:43:02'),
(11, '2026-02-27', 'Lövei István ', '+36 46 52899', 'mrkoverchenko@gmail.com', '2026-02-27 14:17:48'),
(12, '2026-10-12', 'Tóth Ferenc', '+36 20 522 52 52', 'mrkoverchenko@gmail.com', '2026-03-02 13:34:03');

-- --------------------------------------------------------

--
-- Tábla szerkezet ehhez a táblához `quantityunit_mstr`
--

CREATE TABLE `quantityunit_mstr` (
  `QuantityUnitID_MSTR` int(11) NOT NULL,
  `QuantityUnitUnit_MSTR` varchar(15) NOT NULL
) ENGINE=InnoDB DEFAULT CHARSET=utf8mb4 COLLATE=utf8mb4_hungarian_ci;

--
-- A tábla adatainak kiíratása `quantityunit_mstr`
--

INSERT INTO `quantityunit_mstr` (`QuantityUnitID_MSTR`, `QuantityUnitUnit_MSTR`) VALUES
(1, 'DB.'),
(2, 'L.'),
(3, 'Gar.');

-- --------------------------------------------------------

--
-- Tábla szerkezet ehhez a táblához `secondhandstate_mstr`
--

CREATE TABLE `secondhandstate_mstr` (
  `SecondHandStateID_MSTR` int(11) NOT NULL,
  `SecondHandStateState_MSTR` varchar(27) NOT NULL
) ENGINE=InnoDB DEFAULT CHARSET=utf8mb4 COLLATE=utf8mb4_hungarian_ci;

--
-- A tábla adatainak kiíratása `secondhandstate_mstr`
--

INSERT INTO `secondhandstate_mstr` (`SecondHandStateID_MSTR`, `SecondHandStateState_MSTR`) VALUES
(1, 'Új (szalon állapotú)'),
(2, 'Alig használt'),
(3, 'Használt, jó állapotú'),
(4, 'Használt, esztétikai hibás'),
(5, 'Használt, sérült'),
(6, 'Törött, alkatrésznek való'),
(7, 'Forgalomból kivont'),
(8, 'Veszélyes hulladék'),
(9, 'Totálkár');

-- --------------------------------------------------------

--
-- Tábla szerkezet ehhez a táblához `secondhand_mstr`
--

CREATE TABLE `secondhand_mstr` (
  `SecondHandID_MSTR` int(11) NOT NULL,
  `SecondHandManufacturerID_MSTR` int(11) NOT NULL,
  `SecondHandType_MSTR` varchar(30) NOT NULL,
  `SecondHandYear_MSTR` int(4) NOT NULL,
  `SecondHandStateID_MSTR` int(11) NOT NULL,
  `SecondHandPrice_MSTR` int(11) NOT NULL,
  `SecondHandUserID_MSTR` int(11) NOT NULL,
  `SecondHandRegDateTime_MSTR` datetime NOT NULL DEFAULT current_timestamp(),
  `SecondHandLastRegDateTime_MSTR` datetime NOT NULL,
  `SecondHandImageFileNames_MSTR` varchar(500) NOT NULL
) ENGINE=InnoDB DEFAULT CHARSET=utf8mb4 COLLATE=utf8mb4_hungarian_ci;

--
-- A tábla adatainak kiíratása `secondhand_mstr`
--

INSERT INTO `secondhand_mstr` (`SecondHandID_MSTR`, `SecondHandManufacturerID_MSTR`, `SecondHandType_MSTR`, `SecondHandYear_MSTR`, `SecondHandStateID_MSTR`, `SecondHandPrice_MSTR`, `SecondHandUserID_MSTR`, `SecondHandRegDateTime_MSTR`, `SecondHandLastRegDateTime_MSTR`, `SecondHandImageFileNames_MSTR`) VALUES
(38, 43, '1400 GTR ABS', 2008, 3, 2850000, 64, '2026-03-07 12:21:11', '2026-03-07 12:21:11', 'secondhandimages/img_69ac0a277b9575.33663623.jpg,secondhandimages/img_69ac0a277bac56.24999738.jpg,secondhandimages/img_69ac0a277bc132.95985137.jpg,secondhandimages/img_69ac0a277bd296.84097676.jpg,secondhandimages/img_69ac0a277be6d8.54431587.jpg,secondhandimages/img_69ac0a277bfa88.50450723.jpg,secondhandimages/img_69ac0a277c0b26.09623328.jpg,secondhandimages/img_69ac0a277c1a24.51262191.jpg,secondhandimages/img_69ac0a277c2923.15938314.jpg,secondhandimages/img_69ac0a277c3947.94562050.jpg'),
(40, 13, 'fos', 2000, 5, 100, 64, '2026-03-07 15:30:53', '2026-03-07 15:30:53', 'secondhandimages/img_69aecc1684c682.63472798.jpg,secondhandimages/img_69aecc4c649972.37783834.jpg,secondhandimages/img_69aecd4daf4846.66198426.jpg,secondhandimages/img_69aece01e0c091.77612865.jpg,secondhandimages/img_69aece273d3865.45670126.jpg,secondhandimages/img_69aece273d5240.98175359.jpg,secondhandimages/img_69aece273d7196.48541293.jpg,secondhandimages/img_69aece273d90a2.20465182.jpg,secondhandimages/img_69aece273db9d4.65922409.jpg,secondhandimages/img_69aece273dd6a3.86841136.jpg'),
(41, 2, 'dddd', 2012, 3, 2850000, 64, '2026-03-09 13:41:07', '2026-03-09 13:41:07', 'secondhandimages/img_69aebfe3455651.40994052.jpg,secondhandimages/img_69aebfe34569b1.07136930.jpg,secondhandimages/img_69aebfe3457b71.17596203.jpg,secondhandimages/img_69aebfe3459056.23314534.jpg,secondhandimages/img_69aebfe345a3b5.04469744.jpg,secondhandimages/img_69aebfe345b617.07164518.jpg,secondhandimages/img_69aebfe345c794.42815451.jpg,secondhandimages/img_69aebfe345d853.07766461.jpg,secondhandimages/img_69aebfe345e9f4.88479975.jpg,secondhandimages/img_69aebfe345fd10.98424041.jpg'),
(42, 74, 'dzjdgh', 2323, 8, 34673, 64, '2026-03-09 14:45:40', '2026-03-09 14:45:40', 'secondhandimages/img_69aecf047505e0.59082666.jpg,secondhandimages/img_69aecf04751d57.67430764.jpg,secondhandimages/img_69aed3888bd661.50542313.jpg');

-- --------------------------------------------------------

--
-- Tábla szerkezet ehhez a táblához `shoppingcart_det`
--

CREATE TABLE `shoppingcart_det` (
  `ShoppingCartID_DET` int(11) NOT NULL,
  `ShoppingCartMSTRID_DET` int(11) NOT NULL,
  `ShoppingCartMotoPartsID_DET` int(11) NOT NULL,
  `ShoppingCartQuantity_DET` int(11) NOT NULL,
  `ShoppingCartSessionID_DET` varchar(20) NOT NULL
) ENGINE=InnoDB DEFAULT CHARSET=utf8mb4 COLLATE=utf8mb4_hungarian_ci;

--
-- A tábla adatainak kiíratása `shoppingcart_det`
--

INSERT INTO `shoppingcart_det` (`ShoppingCartID_DET`, `ShoppingCartMSTRID_DET`, `ShoppingCartMotoPartsID_DET`, `ShoppingCartQuantity_DET`, `ShoppingCartSessionID_DET`) VALUES
(342, 254, 1, 11, '1772190483462'),
(343, 255, 2, 1, '1772191557620'),
(344, 256, 308, 2, '1772192244888');

-- --------------------------------------------------------

--
-- Tábla szerkezet ehhez a táblához `shoppingcart_mstr`
--

CREATE TABLE `shoppingcart_mstr` (
  `ShoppingCartID_MSTR` int(11) NOT NULL,
  `ShoppingCartStatusID_MSTR` int(11) NOT NULL,
  `ShoppingCartDateTime_MSTR` datetime NOT NULL DEFAULT current_timestamp() COMMENT 'Vásárlás kezdetének időpontja',
  `ShoppingCartSessionID_MSTR` varchar(20) NOT NULL
) ENGINE=InnoDB DEFAULT CHARSET=utf8mb4 COLLATE=utf8mb4_hungarian_ci;

--
-- A tábla adatainak kiíratása `shoppingcart_mstr`
--

INSERT INTO `shoppingcart_mstr` (`ShoppingCartID_MSTR`, `ShoppingCartStatusID_MSTR`, `ShoppingCartDateTime_MSTR`, `ShoppingCartSessionID_MSTR`) VALUES
(254, 0, '2026-02-27 12:08:03', '1772190483462'),
(255, 0, '2026-02-27 12:25:57', '1772191557620'),
(256, 0, '2026-02-27 12:37:24', '1772192244888');

-- --------------------------------------------------------

--
-- Tábla szerkezet ehhez a táblához `suppliers_mstr`
--

CREATE TABLE `suppliers_mstr` (
  `SupplierID_MSTR` int(11) NOT NULL,
  `SupplierName_MSTR` varchar(30) NOT NULL,
  `SupplierCost_MSTR` int(11) NOT NULL,
  `SupplierCash_MSTR` int(11) NOT NULL
) ENGINE=InnoDB DEFAULT CHARSET=utf8mb4 COLLATE=utf8mb4_hungarian_ci;

--
-- A tábla adatainak kiíratása `suppliers_mstr`
--

INSERT INTO `suppliers_mstr` (`SupplierID_MSTR`, `SupplierName_MSTR`, `SupplierCost_MSTR`, `SupplierCash_MSTR`) VALUES
(1, 'GLS futárszolgálat', 1190, 600),
(2, 'MPL (Magyar Posta)', 1472, 0),
(3, 'Express One', 1260, 550),
(4, 'DPD futárszolgálat', 1177, 0),
(5, 'Sprinter futárszolgálat', 1350, 390),
(6, 'Packeta / Foxpost', 1600, 500),
(7, 'DHL futárszolgálat', 1350, 450);

-- --------------------------------------------------------

--
-- Tábla szerkezet ehhez a táblához `usertype_mstr`
--

CREATE TABLE `usertype_mstr` (
  `UserTypeID_MSTR` int(11) NOT NULL,
  `UserTypeType_MSTR` varchar(15) NOT NULL
) ENGINE=InnoDB DEFAULT CHARSET=utf8mb4 COLLATE=utf8mb4_hungarian_ci;

--
-- A tábla adatainak kiíratása `usertype_mstr`
--

INSERT INTO `usertype_mstr` (`UserTypeID_MSTR`, `UserTypeType_MSTR`) VALUES
(1, 'vendég'),
(2, 'felhasználó'),
(3, 'munkatárs'),
(4, 'admin'),
(5, 'root'),
(6, 'törölve');

-- --------------------------------------------------------

--
-- Tábla szerkezet ehhez a táblához `user_det`
--

CREATE TABLE `user_det` (
  `UserID_DET` int(11) NOT NULL,
  `UserMSTRID_DET` int(11) NOT NULL,
  `UserFirstName_DET` varchar(20) NOT NULL,
  `UserMiddleName_DET` varchar(20) NOT NULL,
  `UserLastName_DET` varchar(20) NOT NULL,
  `UserGenderID_DET` int(11) NOT NULL,
  `UserPhone_DET` varchar(40) NOT NULL,
  `UserCountryID_DET` int(11) NOT NULL,
  `UserPostCode_DET` varchar(8) NOT NULL,
  `UserCity_DET` varchar(30) NOT NULL,
  `UserStreet_DET` varchar(30) NOT NULL,
  `UserAddress_DET` varchar(50) NOT NULL,
  `UserRegDate_DET` datetime NOT NULL DEFAULT current_timestamp(),
  `UserMotherName_DET` varchar(50) NOT NULL,
  `UserBirthPlace_DET` varchar(30) NOT NULL,
  `UserBirthDate_DET` date NOT NULL,
  `UserLastModifiedDate_DET` datetime NOT NULL
) ENGINE=InnoDB DEFAULT CHARSET=utf8mb4 COLLATE=utf8mb4_hungarian_ci;

--
-- A tábla adatainak kiíratása `user_det`
--

INSERT INTO `user_det` (`UserID_DET`, `UserMSTRID_DET`, `UserFirstName_DET`, `UserMiddleName_DET`, `UserLastName_DET`, `UserGenderID_DET`, `UserPhone_DET`, `UserCountryID_DET`, `UserPostCode_DET`, `UserCity_DET`, `UserStreet_DET`, `UserAddress_DET`, `UserRegDate_DET`, `UserMotherName_DET`, `UserBirthPlace_DET`, `UserBirthDate_DET`, `UserLastModifiedDate_DET`) VALUES
(1, 1, 'Madelena', 'Hotton', 'Genders', 1, '+86-263-931-9523', 7, '', 'Kezilei', 'Fulton', '46', '2026-02-28 22:05:01', '', 'Shijiao', '1977-10-19', '2026-02-28 22:05:01'),
(2, 2, 'Flori', 'Alyukin', 'Cusiter', 2, '+33-471-211-7071', 16, '25057 CE', 'Besançon', '5th', '9', '2026-02-28 22:05:01', '', '', '1977-10-19', '2026-02-28 22:05:01'),
(3, 3, 'Jordain', 'Malyj', '', 1, '+86-205-849-0836', 7, '', 'Tatou', 'Darwin', '7', '2026-02-28 22:05:01', 'Dawna', '', '1977-10-19', '2026-02-28 22:05:01'),
(4, 4, 'Renado', 'Mantle', 'Zukierman', 2, '+7-782-762-6040', 7, '161213', 'Krasnyy Profintern', 'Cambridge', '77', '2026-02-28 22:05:01', 'Lissy', '', '1977-10-19', '2026-02-28 22:05:01'),
(5, 5, 'Daron', 'Brusle', 'Tissington', 2, '+62-198-887-3483', 12, '', 'Lantera', 'Laurel', '4', '2026-02-28 22:05:01', 'Sally', 'Granada', '1977-10-19', '2026-02-28 22:05:01'),
(6, 6, 'Delila', 'Akitt', '', 2, '+223-604-831-6678', 3, '', 'Kinmparana', 'Morrow', '2', '2026-02-28 22:05:01', '', 'Titao', '1977-10-19', '2026-02-28 22:05:01'),
(7, 7, 'Eliot', 'Sainsbury', '', 1, '+55-235-346-8777', 2, '28200-00', 'São João da Barra', 'Rigney', '2378', '2026-02-28 22:05:01', 'Sarena', '', '1977-10-19', '2026-02-28 22:05:01'),
(8, 8, 'Klarika', 'Cortez', '', 2, '+1-535-244-8211', 3, '11109', 'Quisqueya', 'Westend', '80882', '2026-02-28 22:05:01', '', '', '1977-10-19', '2026-02-28 22:05:01'),
(9, 9, 'Danella', 'Farenden', '', 2, '+266-947-581-3570', 8, '', 'Butha-Buthe', 'Larry', '98', '2026-02-28 22:05:01', 'Jenilee', 'Alemanguan', '1977-10-19', '2026-02-28 22:05:01'),
(10, 10, 'Ryley', 'Harford', 'Crippin', 1, '+385-334-110-8358', 14, '40320', 'Hodošan', 'Prentice', '70', '2026-02-28 22:05:01', '', 'Kardzhin', '1977-10-19', '2026-02-28 22:05:01'),
(11, 11, 'Alexander', 'Taaffe', '', 1, '+62-171-206-5784', 14, '', 'Pakalongan', '6th', '41', '2026-02-28 22:05:01', 'Lulita', 'Zlonice', '1977-10-19', '2026-02-28 22:05:01'),
(12, 12, 'Helga', 'Cornill', '', 2, '+593-275-579-9328', 8, '', 'Rosa Zarate', 'Bayside', '6002', '2026-02-28 22:05:01', 'Christabella', 'Khoyniki', '1977-10-19', '2026-02-28 22:05:01'),
(13, 13, 'Nevins', 'Follows', 'Gookey', 2, '+7-973-148-1071', 16, '346020', 'Krechevitsy', 'Marquette', '00', '2026-02-28 22:05:01', '', 'Xiliu', '1977-10-19', '2026-02-28 22:05:01'),
(14, 14, 'Doria', 'Hambling', '', 2, '+33-246-432-8303', 20, '21019 CE', 'Dijon', 'Cascade', '68', '2026-02-28 22:05:01', 'Jeannie', 'Armação de Pêra', '1977-10-19', '2026-02-28 22:05:01'),
(15, 15, 'Julieta', 'Mayoh', '', 2, '+1-915-279-8808', 6, '88574', 'El Paso', 'Chinook', '954', '2026-02-28 22:05:01', 'Elset', '', '1977-10-19', '2026-02-28 22:05:01'),
(16, 16, 'Ignaz', 'Witherbed', '', 2, '+351-918-190-7033', 11, '2330-524', 'Casal do Conde', 'Anderson', '4', '2026-02-28 22:05:01', '', '', '1977-10-19', '2026-02-28 22:05:01'),
(17, 17, 'Amber', 'Sandall', 'Paaso', 2, '+1-492-299-9924', 7, 'J9H', 'Two Hills', 'Meadow Vale', '1245', '2026-02-28 22:05:01', '', 'Sendang', '1977-10-19', '2026-02-28 22:05:01'),
(18, 18, 'Harper', 'Peirone', 'Colaton', 1, '+595-983-175-8991', 16, '', 'Repatriación', 'Debra', '73', '2026-02-28 22:05:01', 'Simonne', 'Zangkaxa', '1977-10-19', '2026-02-28 22:05:01'),
(19, 19, 'Derron', 'Chapleo', '', 2, '+1-302-696-1434', 1, '19805', 'Wilmington', 'Moland', '0', '2026-02-28 22:05:01', '', 'Khadyzhensk', '1977-10-19', '2026-02-28 22:05:01'),
(20, 20, 'Domingo', 'Addess', '', 1, '+86-537-411-0387', 4, '', 'Yucheng', 'Troy', '34', '2026-02-28 22:05:01', '', 'Silodakon', '1977-10-19', '2026-02-28 22:05:01'),
(21, 21, 'Liana', 'Borrill', '', 2, '+52-789-473-8132', 15, '94324', 'Adolfo Lopez Mateos', 'Thompson', '2', '2026-02-28 22:05:01', 'Sephira', '', '1977-10-19', '2026-02-28 22:05:01'),
(22, 22, 'Laryssa', 'Dargavel', '', 2, '+234-624-698-6892', 11, '', 'Funtua', 'Carberry', '42', '2026-02-28 22:05:01', 'Lila', '', '1977-10-19', '2026-02-28 22:05:01'),
(23, 23, 'Kippie', 'de Clerq', '', 1, '+1-916-951-4963', 11, '94207', 'Sacramento', 'Parkside', '15', '2026-02-28 22:05:01', '', 'Xiacang', '1977-10-19', '2026-02-28 22:05:01'),
(24, 24, 'Idaline', 'Doxey', '', 1, '+967-892-396-9774', 18, '', 'Al Matūn', 'Walton', '735', '2026-02-28 22:05:01', 'Kayle', 'Kendayakan', '1977-10-19', '2026-02-28 22:05:01'),
(25, 25, 'Tabor', 'Luscott', '', 2, '+48-872-218-4004', 5, '36-100', 'Kolbuszowa', '5th', '33222', '2026-02-28 22:05:01', 'Bonni', '', '1977-10-19', '2026-02-28 22:05:01'),
(26, 26, 'Merilyn', 'Hek', '', 1, '+86-230-365-1233', 1, '', 'Gubo', 'Comanche', '44538', '2026-02-28 22:05:01', '', 'Vila Velha de Ródão', '1977-10-19', '2026-02-28 22:05:01'),
(27, 27, 'Gorden', 'Dugget', '', 1, '+1-503-612-6155', 10, '97075', 'Beaverton', 'Lawn', '5', '2026-02-28 22:05:01', 'Tabina', 'Wenfu', '1977-10-19', '2026-02-28 22:48:57'),
(28, 28, 'Jamison', 'Found', '', 1, '+1-505-550-2779', 12, '87105', 'Albuquerque', 'Paget', '99051', '2026-02-28 22:05:01', 'Felice', 'Banquero', '1977-10-19', '2026-02-28 22:05:01'),
(29, 29, 'Hy', 'Fowgies', '', 2, '+49-399-302-0842', 14, '12045', 'Berlin', 'Westend', '4', '2026-02-28 22:05:01', 'Delia', '', '1977-10-19', '2026-02-28 22:05:01'),
(30, 30, 'Thor', 'Blackwood', '', 2, '+7-368-449-4396', 6, '650904', 'Promyshlennovskiy', 'Ryan', '96434', '2026-02-28 22:05:01', '', '', '1977-10-19', '2026-02-28 22:05:01'),
(31, 31, 'Wheeler', 'Toun', '', 2, '+7-582-150-7110', 18, '188680', 'Koltushi', 'Raven', '8', '2026-02-28 22:05:01', 'Rochella', 'Chiguirip', '1977-10-19', '2026-02-28 22:05:01'),
(32, 32, 'Adam', 'Deare', '', 1, '+62-919-241-0699', 8, '', 'Barang', 'Larry', '97783', '2026-02-28 22:05:01', 'Andeee', 'Staroderevyankovskaya', '1977-10-19', '2026-03-02 07:37:14'),
(33, 33, 'Arda', 'Ealles', '', 2, '+33-391-852-9020', 20, '11493 CE', 'Castelnaudary', 'Dahle', '70125', '2026-02-28 22:05:01', '', '', '1977-10-19', '2026-02-28 22:05:01'),
(34, 34, 'Juliane', 'Chong', '', 1, '+86-337-630-9069', 13, '', 'Mashan', 'Vermont', '57868', '2026-02-28 22:05:01', 'Janine', 'Sambungjaya', '1977-10-19', '2026-02-28 22:05:01'),
(35, 35, 'Rusty', 'Cammidge', '', 2, '+48-245-107-3997', 10, '93-524', 'Kutno', 'Miller', '172', '2026-02-28 22:05:01', 'Kathrine', 'Umpak', '1977-10-19', '2026-02-28 22:05:01'),
(36, 36, 'Cariotta', 'Allderidge', 'Spinage', 1, '+46-732-953-8594', 15, '474 31', 'Ellös', 'Menomonie', '139', '2026-02-28 22:05:01', '', '', '1977-10-19', '2026-02-28 22:05:01'),
(37, 37, 'Melba', 'Le Marquand', '', 2, '+53-124-796-8562', 20, '', 'Holguín', 'Ronald Regan', '7', '2026-02-28 22:05:01', '', '', '1977-10-19', '2026-02-28 22:05:01'),
(38, 38, 'Georgine', 'Watting', '', 2, '+62-573-455-1099', 6, '', 'Heret', 'Roth', '35', '2026-02-28 22:05:01', '', '', '1977-10-19', '2026-02-28 22:05:01'),
(39, 39, 'Ted', 'Beney', 'Sehorsch', 1, '+63-933-922-1337', 16, '1427', 'Sugcad', 'Scott', '16135', '2026-02-28 22:05:01', '', '', '1977-10-19', '2026-02-28 22:05:01'),
(40, 40, 'Almire', 'Weiss', '', 1, '+46-283-510-2652', 20, '112 83', 'Stockholm', 'Montana', '48', '2026-02-28 22:05:01', '', 'Dachnoye', '1977-10-19', '2026-02-28 22:05:01'),
(41, 41, 'Jaime', 'De Launde', 'Froggatt', 1, '+7-249-621-0113', 14, '', 'Georgīevka', 'Steensland', '193', '2026-02-28 22:05:01', 'Candis', 'Plumtree', '1977-10-19', '2026-02-28 22:05:01'),
(42, 42, 'Bibi', 'Wasylkiewicz', '', 2, '+358-385-793-8524', 12, '20960', 'Turku', 'Elgar', '40471', '2026-02-28 22:05:01', 'Daune', 'Monte de Fralães', '1977-10-19', '2026-02-28 22:05:01'),
(43, 43, 'Alphonso', 'O\'Geaney', 'Dye', 2, '+7-685-524-4673', 8, '431469', 'Ruzayevka', 'Jackson', '7931', '2026-02-28 22:05:01', '', 'Ḩātim', '1977-10-19', '2026-02-28 22:05:01'),
(44, 44, 'Olia', 'Lyddy', '', 2, '+7-781-692-2786', 15, '', 'Burunday', 'Hoard', '0', '2026-02-28 22:05:01', 'Shaylah', '', '1977-10-19', '2026-02-28 22:05:01'),
(45, 45, 'Jackie', 'Aplin', 'Clemon', 1, '+593-350-897-2819', 19, '', 'Machala', 'Kropf', '569', '2026-02-28 22:05:01', 'Ashla', '', '1977-10-19', '2026-02-28 22:05:01'),
(46, 46, 'Duke', 'Ison', 'Aslie', 2, '+63-332-333-8033', 16, '6808', 'Mercedes', 'Fremont', '94390', '2026-02-28 22:05:01', 'Cristi', '', '1977-10-19', '2026-02-28 22:05:01'),
(47, 47, 'Anna', 'De Giorgis', '', 2, '+84-599-239-1213', 12, '', 'Trà Ôn', 'Packers', '71245', '2026-02-28 22:05:01', '', '', '1977-10-19', '2026-02-28 22:05:01'),
(48, 48, 'Christopher', 'Burnapp', '', 2, '+33-203-750-9173', 7, '08013 CE', 'Charleville-Mézières', 'Cambridge', '679', '2026-02-28 22:05:01', 'Cleopatra', '', '1977-10-19', '2026-02-28 22:05:01'),
(49, 49, 'Ginelle', 'Rearden', '', 1, '+226-805-979-8389', 18, '', 'Sapouy', 'Brown', '3', '2026-02-28 22:05:01', '', 'Melaka', '1977-10-19', '2026-02-28 22:05:01'),
(50, 50, 'Eydie', 'Puvia', '', 1, '+62-658-101-3653', 20, '', 'Noenoni', 'Summer Ridge', '22729', '2026-02-28 22:05:01', 'Heddie', 'Jianshan', '1977-10-19', '2026-02-28 22:05:01'),
(51, 51, 'Teriann', 'Tarver', 'Povlsen', 1, '+86-684-472-3770', 11, '', 'Toutai', 'Oxford', '238', '2026-02-28 22:05:01', '', '', '1977-10-19', '2026-02-28 22:05:01'),
(52, 52, 'Binky', 'Narup', '', 1, '+355-624-539-6425', 10, '', 'Krahës', 'Rusk', '8', '2026-02-28 22:05:01', 'Zonnya', 'Cabo de Vila', '1977-10-19', '2026-02-28 22:05:01'),
(53, 53, 'Ariana', 'Featherstone', '', 2, '+63-734-659-4843', 9, '1703', 'Ualog', 'Russell', '9', '2026-02-28 22:05:01', 'Olivia', '', '1977-10-19', '2026-02-28 22:05:01'),
(54, 54, 'Amanda', 'Jiruca', '', 2, '+505-263-701-1333', 6, '', 'Rama', 'Mosinee', '747', '2026-02-28 22:05:01', 'Janela', 'Aiquile', '1977-10-19', '2026-02-28 22:05:01'),
(55, 55, 'Amaleta', 'Brisson', '', 1, '+62-297-920-2294', 1, '', 'Banyubang', 'Marcy', '4826', '2026-02-28 22:05:01', 'Sydelle', '', '1977-10-19', '2026-02-28 22:05:01'),
(56, 56, 'Carlyle', 'Serchwell', '', 2, '+63-458-156-9371', 17, '5702', 'Aurelliana', 'Butternut', '8173', '2026-02-28 22:05:01', 'Annetta', '', '1977-10-19', '2026-02-28 22:05:01'),
(57, 57, 'Zea', 'Cahill', '', 2, '+1-202-969-8275', 13, '20051', 'Washington', 'Golf Course', '9322', '2026-02-28 22:05:01', 'Tammara', 'Graneros', '1977-10-19', '2026-02-28 22:05:01'),
(64, 64, 'Lövei', 'István', '', 3, '+36 46 66429', 2, '3533', 'Miskolc', 'Király', '4', '2026-02-28 22:05:01', '', '', '1977-10-19', '2026-03-02 07:38:27');

-- --------------------------------------------------------

--
-- Tábla szerkezet ehhez a táblához `user_mstr`
--

CREATE TABLE `user_mstr` (
  `UserID_MSTR` int(11) NOT NULL,
  `UserNickName_MSTR` varchar(50) NOT NULL,
  `UserMail_MSTR` varchar(64) NOT NULL,
  `UserTypeID_MSTR` int(11) NOT NULL,
  `UserFlagID_MSTR` int(11) NOT NULL,
  `UserNote_MSTR` varchar(500) NOT NULL
) ENGINE=InnoDB DEFAULT CHARSET=utf8mb4 COLLATE=utf8mb4_hungarian_ci;

--
-- A tábla adatainak kiíratása `user_mstr`
--

INSERT INTO `user_mstr` (`UserID_MSTR`, `UserNickName_MSTR`, `UserMail_MSTR`, `UserTypeID_MSTR`, `UserFlagID_MSTR`, `UserNote_MSTR`) VALUES
(1, 'eewbanks0', 'krickis0@liveinternet.ru', 2, 2, ''),
(2, 'awaterstone1', 'jpettiford1@mlb.com', 2, 2, ''),
(3, 'tcristofalo2', 'bmcveighty2@cisco.com', 2, 4, ''),
(4, 'nmongin3', 'lmouth3@spiegel.de', 1, 3, ''),
(5, 'jfratczak4', 'kcracknell4@blogtalkradio.com', 1, 4, ''),
(6, 'dbrabant5', 'stonkin5@bbc.co.uk', 3, 1, ''),
(7, 'tpetras6', 'jmcdirmid6@virginia.edu', 2, 1, ''),
(8, 'ahamblington7', 'gbroom7@geocities.com', 3, 2, ''),
(9, 'sgravie8', 'sarton8@oakley.com', 3, 3, ''),
(10, 'sfarncomb9', 'bvalenta9@over-blog.com', 3, 2, ''),
(11, 'srosarioa', 'tcystera@rediff.com', 3, 3, ''),
(12, 'hreinhardb', 'ccoalb@ucla.edu', 2, 4, ''),
(13, 'fhurtc', 'gtyghtc@taobao.com', 3, 3, ''),
(14, 'mbiskupiakd', 'jdulwichd@blog.com', 1, 4, ''),
(15, 'rscarrotte', 'mvalentinettie@hhs.gov', 1, 1, ''),
(16, 'rnaullsf', 'tdaingerfieldf@furl.net', 2, 3, ''),
(17, 'mshoreg', 'bbrothertong@google.cn', 1, 3, ''),
(18, 'eseagraveh', 'glivingstoneh@sogou.com', 2, 2, ''),
(19, 'todoogani', 'ismeesi@jiathis.com', 3, 3, ''),
(20, 'jbatemanj', 'ldeatonj@irs.gov', 3, 2, ''),
(21, 'atrenowethk', 'cdrummondk@gizmodo.com', 2, 2, ''),
(22, 'vhamonl', 'gfrerel@marketwatch.com', 3, 1, ''),
(23, 'gkinanem', 'aoaklandm@ted.com', 1, 1, ''),
(24, 'mishchenkon', 'cfoystern@infoseek.co.jp', 3, 3, ''),
(25, 'rskepo', 'agavriellyo@myspace.com', 3, 3, ''),
(26, 'dcleughp', 'msimperp@imgur.com', 3, 4, ''),
(27, 'edehooghq', 'fyitshakq@w3.org', 1, 3, ''),
(28, 'dorrellr', 'vromaynr@ftc.gov', 3, 2, ''),
(29, 'sskeffingtons', 'slansleys@imdb.com', 2, 3, ''),
(30, 'zbartakt', 'pcowardt@yelp.com', 2, 2, ''),
(31, 'khowdenu', 'lpenyltonu@mozilla.com', 1, 3, ''),
(32, 'sshawyerv', 'lcomiamv@parallels.com', 2, 2, ''),
(33, 'abimsonw', 'kstovinew@cbc.ca', 1, 1, ''),
(34, 'bcrumx', 'nscothornex@homestead.com', 1, 4, ''),
(35, 'rdebenhamy', 'ckyngdony@theguardian.com', 1, 2, ''),
(36, 'khorburghz', 'apietrusiakz@scientificamerican.com', 1, 3, ''),
(37, 'rgreveson10', 'gschohier10@paypal.com', 1, 2, ''),
(38, 'lyokley11', 'pmatteacci11@illinois.edu', 1, 2, ''),
(39, 'cguys12', 'moxenford12@lulu.com', 2, 2, ''),
(40, 'ikettlewell13', 'wharriott13@hibu.com', 2, 1, ''),
(41, 'ameachen14', 'hjakubczyk14@friendfeed.com', 2, 4, ''),
(42, 'ctesyro15', 'bkitchingman15@japanpost.jp', 2, 2, ''),
(43, 'ckinner16', 'gthistleton16@nyu.edu', 2, 1, ''),
(44, 'cfowlestone17', 'kmoline17@businessinsider.com', 3, 1, ''),
(45, 'lpawlick18', 'pledson18@yellowbook.com', 1, 4, ''),
(46, 'lmcgow19', 'ghoppner19@fastcompany.com', 2, 2, ''),
(47, 'bhumbell1a', 'cmoyles1a@usatoday.com', 1, 4, ''),
(48, 'pschuster1b', 'prailton1b@answers.com', 1, 3, ''),
(49, 'relves1c', 'skobsch1c@telegraph.co.uk', 3, 3, ''),
(50, 'mgumley1d', 'nhartman1d@cyberchimps.com', 3, 2, ''),
(51, 'egoldster1e', 'awaldrum1e@vkontakte.ru', 3, 3, ''),
(52, 'bmcmenamy1f', 'cnaylor1f@google.fr', 2, 2, ''),
(53, 'lforgan1g', 'choltom1g@msn.com', 3, 1, ''),
(54, 'vjeness1h', 'garmor1h@epa.gov', 3, 1, ''),
(55, 'rgoodwin1i', 'mcrannis1i@deviantart.com', 3, 4, ''),
(56, 'hrenshaw1j', 'lbarlie1j@gov.uk', 3, 1, ''),
(57, 'arissen1k', 'gheeney1k@marketwatch.com', 3, 4, ''),
(64, 'istvan.lovei@yahoo.com', 'istvan.lovei@yahoo.com', 5, 1, '');

--
-- Indexek a kiírt táblákhoz
--

--
-- A tábla indexei `booking_mstr`
--
ALTER TABLE `booking_mstr`
  ADD PRIMARY KEY (`BookingID_MSTR`),
  ADD KEY `BookingUserID_MSTR` (`BookingUserID_MSTR`),
  ADD KEY `BookingMotoManID_MSTR` (`BookingMotoManID_MSTR`),
  ADD KEY `BookingMotoTypeID_MSTR` (`BookingMotoTypeID_MSTR`),
  ADD KEY `BookingWorkStatusID_MSTR` (`BookingWorkStatusID_MSTR`);

--
-- A tábla indexei `cities_mstr`
--
ALTER TABLE `cities_mstr`
  ADD PRIMARY KEY (`CitiesID_MSTR`);

--
-- A tábla indexei `countries_mstr`
--
ALTER TABLE `countries_mstr`
  ADD PRIMARY KEY (`CountriesID_MSTR`);

--
-- A tábla indexei `flag_mstr`
--
ALTER TABLE `flag_mstr`
  ADD PRIMARY KEY (`FlagID_MSTR`);

--
-- A tábla indexei `gender_mstr`
--
ALTER TABLE `gender_mstr`
  ADD PRIMARY KEY (`GenderID_MSTR`);

--
-- A tábla indexei `holidayfix_mstr`
--
ALTER TABLE `holidayfix_mstr`
  ADD PRIMARY KEY (`HolidayFixID_MSTR`);

--
-- A tábla indexei `holidays_mstr`
--
ALTER TABLE `holidays_mstr`
  ADD PRIMARY KEY (`HolidayID_MSTR`),
  ADD KEY `HolidayMSTRID_MSTR` (`HolidayMSTRID_MSTR`);

--
-- A tábla indexei `lockedquantity_mstr`
--
ALTER TABLE `lockedquantity_mstr`
  ADD PRIMARY KEY (`LockedQuantityID_MSTR`);

--
-- A tábla indexei `motomanufacturer_mstr`
--
ALTER TABLE `motomanufacturer_mstr`
  ADD PRIMARY KEY (`MotoManufacturerID_MSTR`);

--
-- A tábla indexei `motopartscategory_mstr`
--
ALTER TABLE `motopartscategory_mstr`
  ADD PRIMARY KEY (`PartsCategoryID_MSTR`);

--
-- A tábla indexei `motoparts_mstr`
--
ALTER TABLE `motoparts_mstr`
  ADD PRIMARY KEY (`MotoPartsID_MSTR`),
  ADD KEY `MotoPartsManID_MSTR` (`MotoPartsManID_MSTR`),
  ADD KEY `MotoPartsTypeID_MSTR` (`MotoPartsTypeID_MSTR`),
  ADD KEY `MotoPartsCategoryID_MSTR` (`MotoPartsCategoryID_MSTR`),
  ADD KEY `MotoPartsQuantityUnitID_MSTR` (`MotoPartsQuantityUnitID_MSTR`);

--
-- A tábla indexei `motosystem_mstr`
--
ALTER TABLE `motosystem_mstr`
  ADD PRIMARY KEY (`MotoSystemID_MSTR`);

--
-- A tábla indexei `mototype_mstr`
--
ALTER TABLE `mototype_mstr`
  ADD PRIMARY KEY (`MotoTypeID_MSTR`);

--
-- A tábla indexei `orderstatus_mstr`
--
ALTER TABLE `orderstatus_mstr`
  ADD PRIMARY KEY (`OrderStatusID_MSTR`);

--
-- A tábla indexei `ordersuser_mstr`
--
ALTER TABLE `ordersuser_mstr`
  ADD PRIMARY KEY (`OrdersUserID_MSTR`),
  ADD KEY `OrdersUserOrdersMSTRID_MSTR` (`OrdersUserOrdersMSTRID_MSTR`);

--
-- A tábla indexei `orders_det`
--
ALTER TABLE `orders_det`
  ADD PRIMARY KEY (`OrdersID_DET`),
  ADD KEY `OrdersMSTRID_DET` (`OrdersMSTRID_DET`),
  ADD KEY `OrdersSupplierID_MSTR` (`OrdersSupplierID_MSTR`);

--
-- A tábla indexei `orders_mstr`
--
ALTER TABLE `orders_mstr`
  ADD PRIMARY KEY (`OrdersID_MSTR`),
  ADD KEY `OrdersStatusStatusID_MSTR` (`OrdersStatusStatusID_MSTR`),
  ADD KEY `OrdersUserTypeID_MSTR` (`OrdersUserTypeID_MSTR`),
  ADD KEY `OrdersUserID_MSTR` (`OrdersUserID_MSTR`);

--
-- A tábla indexei `password_mstr`
--
ALTER TABLE `password_mstr`
  ADD PRIMARY KEY (`PasswordID_MSTR`),
  ADD KEY `PasswordStatusID_MSTR` (`PasswordStatusID_MSTR`) USING BTREE,
  ADD KEY `PasswordUserID_MSTR` (`PasswordUserID_MSTR`) USING BTREE;

--
-- A tábla indexei `paymenttype_mstr`
--
ALTER TABLE `paymenttype_mstr`
  ADD PRIMARY KEY (`PaymentTypeID_MSTR`);

--
-- A tábla indexei `prebooking_mstr`
--
ALTER TABLE `prebooking_mstr`
  ADD PRIMARY KEY (`PreBookingID_MSTR`);

--
-- A tábla indexei `quantityunit_mstr`
--
ALTER TABLE `quantityunit_mstr`
  ADD PRIMARY KEY (`QuantityUnitID_MSTR`);

--
-- A tábla indexei `secondhandstate_mstr`
--
ALTER TABLE `secondhandstate_mstr`
  ADD PRIMARY KEY (`SecondHandStateID_MSTR`);

--
-- A tábla indexei `secondhand_mstr`
--
ALTER TABLE `secondhand_mstr`
  ADD PRIMARY KEY (`SecondHandID_MSTR`),
  ADD KEY `SecondHandManufacturerID_MSTR` (`SecondHandManufacturerID_MSTR`,`SecondHandStateID_MSTR`,`SecondHandUserID_MSTR`),
  ADD KEY `SecondHandStateID_MSTR` (`SecondHandStateID_MSTR`),
  ADD KEY `SecondHandUserID_MSTR` (`SecondHandUserID_MSTR`);

--
-- A tábla indexei `shoppingcart_det`
--
ALTER TABLE `shoppingcart_det`
  ADD PRIMARY KEY (`ShoppingCartID_DET`),
  ADD KEY `ShoppingCartMSTRID_DET` (`ShoppingCartMSTRID_DET`),
  ADD KEY `ShoppingCartMotoPartsID_DET` (`ShoppingCartMotoPartsID_DET`);

--
-- A tábla indexei `shoppingcart_mstr`
--
ALTER TABLE `shoppingcart_mstr`
  ADD PRIMARY KEY (`ShoppingCartID_MSTR`),
  ADD KEY `ShoppingCartStatusID_MSTR` (`ShoppingCartStatusID_MSTR`);

--
-- A tábla indexei `suppliers_mstr`
--
ALTER TABLE `suppliers_mstr`
  ADD PRIMARY KEY (`SupplierID_MSTR`);

--
-- A tábla indexei `usertype_mstr`
--
ALTER TABLE `usertype_mstr`
  ADD PRIMARY KEY (`UserTypeID_MSTR`);

--
-- A tábla indexei `user_det`
--
ALTER TABLE `user_det`
  ADD PRIMARY KEY (`UserID_DET`),
  ADD KEY `UserMSTRID_DET` (`UserMSTRID_DET`),
  ADD KEY `UserGenderID_DET` (`UserGenderID_DET`,`UserCountryID_DET`),
  ADD KEY `UserCountryID_DET` (`UserCountryID_DET`);

--
-- A tábla indexei `user_mstr`
--
ALTER TABLE `user_mstr`
  ADD PRIMARY KEY (`UserID_MSTR`),
  ADD KEY `UserTypeID_MSTR` (`UserTypeID_MSTR`),
  ADD KEY `UserFlagID_MSTR` (`UserFlagID_MSTR`);

--
-- A kiírt táblák AUTO_INCREMENT értéke
--

--
-- AUTO_INCREMENT a táblához `booking_mstr`
--
ALTER TABLE `booking_mstr`
  MODIFY `BookingID_MSTR` int(11) NOT NULL AUTO_INCREMENT, AUTO_INCREMENT=46;

--
-- AUTO_INCREMENT a táblához `cities_mstr`
--
ALTER TABLE `cities_mstr`
  MODIFY `CitiesID_MSTR` bigint(20) NOT NULL AUTO_INCREMENT, AUTO_INCREMENT=9460;

--
-- AUTO_INCREMENT a táblához `countries_mstr`
--
ALTER TABLE `countries_mstr`
  MODIFY `CountriesID_MSTR` int(11) NOT NULL AUTO_INCREMENT, AUTO_INCREMENT=23;

--
-- AUTO_INCREMENT a táblához `flag_mstr`
--
ALTER TABLE `flag_mstr`
  MODIFY `FlagID_MSTR` int(11) NOT NULL AUTO_INCREMENT, AUTO_INCREMENT=5;

--
-- AUTO_INCREMENT a táblához `gender_mstr`
--
ALTER TABLE `gender_mstr`
  MODIFY `GenderID_MSTR` int(11) NOT NULL AUTO_INCREMENT, AUTO_INCREMENT=13;

--
-- AUTO_INCREMENT a táblához `holidayfix_mstr`
--
ALTER TABLE `holidayfix_mstr`
  MODIFY `HolidayFixID_MSTR` int(11) NOT NULL AUTO_INCREMENT, AUTO_INCREMENT=13;

--
-- AUTO_INCREMENT a táblához `holidays_mstr`
--
ALTER TABLE `holidays_mstr`
  MODIFY `HolidayID_MSTR` int(11) NOT NULL AUTO_INCREMENT, AUTO_INCREMENT=320;

--
-- AUTO_INCREMENT a táblához `lockedquantity_mstr`
--
ALTER TABLE `lockedquantity_mstr`
  MODIFY `LockedQuantityID_MSTR` int(11) NOT NULL AUTO_INCREMENT, AUTO_INCREMENT=296;

--
-- AUTO_INCREMENT a táblához `motomanufacturer_mstr`
--
ALTER TABLE `motomanufacturer_mstr`
  MODIFY `MotoManufacturerID_MSTR` int(11) NOT NULL AUTO_INCREMENT, AUTO_INCREMENT=110;

--
-- AUTO_INCREMENT a táblához `motopartscategory_mstr`
--
ALTER TABLE `motopartscategory_mstr`
  MODIFY `PartsCategoryID_MSTR` int(11) NOT NULL AUTO_INCREMENT, AUTO_INCREMENT=107;

--
-- AUTO_INCREMENT a táblához `motoparts_mstr`
--
ALTER TABLE `motoparts_mstr`
  MODIFY `MotoPartsID_MSTR` int(11) NOT NULL AUTO_INCREMENT, AUTO_INCREMENT=404;

--
-- AUTO_INCREMENT a táblához `motosystem_mstr`
--
ALTER TABLE `motosystem_mstr`
  MODIFY `MotoSystemID_MSTR` bigint(20) NOT NULL AUTO_INCREMENT, AUTO_INCREMENT=2;

--
-- AUTO_INCREMENT a táblához `mototype_mstr`
--
ALTER TABLE `mototype_mstr`
  MODIFY `MotoTypeID_MSTR` int(11) NOT NULL AUTO_INCREMENT, AUTO_INCREMENT=38;

--
-- AUTO_INCREMENT a táblához `orderstatus_mstr`
--
ALTER TABLE `orderstatus_mstr`
  MODIFY `OrderStatusID_MSTR` int(11) NOT NULL AUTO_INCREMENT, AUTO_INCREMENT=12;

--
-- AUTO_INCREMENT a táblához `ordersuser_mstr`
--
ALTER TABLE `ordersuser_mstr`
  MODIFY `OrdersUserID_MSTR` int(11) NOT NULL AUTO_INCREMENT, AUTO_INCREMENT=19;

--
-- AUTO_INCREMENT a táblához `orders_det`
--
ALTER TABLE `orders_det`
  MODIFY `OrdersID_DET` int(11) NOT NULL AUTO_INCREMENT, AUTO_INCREMENT=224;

--
-- AUTO_INCREMENT a táblához `orders_mstr`
--
ALTER TABLE `orders_mstr`
  MODIFY `OrdersID_MSTR` int(11) NOT NULL AUTO_INCREMENT, AUTO_INCREMENT=160;

--
-- AUTO_INCREMENT a táblához `password_mstr`
--
ALTER TABLE `password_mstr`
  MODIFY `PasswordID_MSTR` int(11) NOT NULL AUTO_INCREMENT, AUTO_INCREMENT=57;

--
-- AUTO_INCREMENT a táblához `paymenttype_mstr`
--
ALTER TABLE `paymenttype_mstr`
  MODIFY `PaymentTypeID_MSTR` int(11) NOT NULL AUTO_INCREMENT, AUTO_INCREMENT=9;

--
-- AUTO_INCREMENT a táblához `prebooking_mstr`
--
ALTER TABLE `prebooking_mstr`
  MODIFY `PreBookingID_MSTR` int(11) NOT NULL AUTO_INCREMENT, AUTO_INCREMENT=13;

--
-- AUTO_INCREMENT a táblához `quantityunit_mstr`
--
ALTER TABLE `quantityunit_mstr`
  MODIFY `QuantityUnitID_MSTR` int(11) NOT NULL AUTO_INCREMENT, AUTO_INCREMENT=6;

--
-- AUTO_INCREMENT a táblához `secondhandstate_mstr`
--
ALTER TABLE `secondhandstate_mstr`
  MODIFY `SecondHandStateID_MSTR` int(11) NOT NULL AUTO_INCREMENT, AUTO_INCREMENT=10;

--
-- AUTO_INCREMENT a táblához `secondhand_mstr`
--
ALTER TABLE `secondhand_mstr`
  MODIFY `SecondHandID_MSTR` int(11) NOT NULL AUTO_INCREMENT, AUTO_INCREMENT=43;

--
-- AUTO_INCREMENT a táblához `shoppingcart_det`
--
ALTER TABLE `shoppingcart_det`
  MODIFY `ShoppingCartID_DET` int(11) NOT NULL AUTO_INCREMENT, AUTO_INCREMENT=359;

--
-- AUTO_INCREMENT a táblához `shoppingcart_mstr`
--
ALTER TABLE `shoppingcart_mstr`
  MODIFY `ShoppingCartID_MSTR` int(11) NOT NULL AUTO_INCREMENT, AUTO_INCREMENT=270;

--
-- AUTO_INCREMENT a táblához `suppliers_mstr`
--
ALTER TABLE `suppliers_mstr`
  MODIFY `SupplierID_MSTR` int(11) NOT NULL AUTO_INCREMENT, AUTO_INCREMENT=9;

--
-- AUTO_INCREMENT a táblához `usertype_mstr`
--
ALTER TABLE `usertype_mstr`
  MODIFY `UserTypeID_MSTR` int(11) NOT NULL AUTO_INCREMENT, AUTO_INCREMENT=7;

--
-- AUTO_INCREMENT a táblához `user_det`
--
ALTER TABLE `user_det`
  MODIFY `UserID_DET` int(11) NOT NULL AUTO_INCREMENT, AUTO_INCREMENT=65;

--
-- AUTO_INCREMENT a táblához `user_mstr`
--
ALTER TABLE `user_mstr`
  MODIFY `UserID_MSTR` int(11) NOT NULL AUTO_INCREMENT, AUTO_INCREMENT=65;

--
-- Megkötések a kiírt táblákhoz
--

--
-- Megkötések a táblához `booking_mstr`
--
ALTER TABLE `booking_mstr`
  ADD CONSTRAINT `booking_mstr_ibfk_2` FOREIGN KEY (`BookingMotoManID_MSTR`) REFERENCES `motomanufacturer_mstr` (`MotoManufacturerID_MSTR`),
  ADD CONSTRAINT `booking_mstr_ibfk_3` FOREIGN KEY (`BookingMotoTypeID_MSTR`) REFERENCES `mototype_mstr` (`MotoTypeID_MSTR`),
  ADD CONSTRAINT `booking_mstr_ibfk_4` FOREIGN KEY (`BookingWorkStatusID_MSTR`) REFERENCES `orderstatus_mstr` (`OrderStatusID_MSTR`);

--
-- Megkötések a táblához `motoparts_mstr`
--
ALTER TABLE `motoparts_mstr`
  ADD CONSTRAINT `motoparts_mstr_ibfk_1` FOREIGN KEY (`MotoPartsCategoryID_MSTR`) REFERENCES `motopartscategory_mstr` (`PartsCategoryID_MSTR`),
  ADD CONSTRAINT `motoparts_mstr_ibfk_2` FOREIGN KEY (`MotoPartsQuantityUnitID_MSTR`) REFERENCES `quantityunit_mstr` (`QuantityUnitID_MSTR`),
  ADD CONSTRAINT `motoparts_mstr_ibfk_3` FOREIGN KEY (`MotoPartsManID_MSTR`) REFERENCES `motomanufacturer_mstr` (`MotoManufacturerID_MSTR`),
  ADD CONSTRAINT `motoparts_mstr_ibfk_4` FOREIGN KEY (`MotoPartsTypeID_MSTR`) REFERENCES `mototype_mstr` (`MotoTypeID_MSTR`);

--
-- Megkötések a táblához `orders_det`
--
ALTER TABLE `orders_det`
  ADD CONSTRAINT `orders_det_ibfk_1` FOREIGN KEY (`OrdersSupplierID_MSTR`) REFERENCES `suppliers_mstr` (`SupplierID_MSTR`);

--
-- Megkötések a táblához `orders_mstr`
--
ALTER TABLE `orders_mstr`
  ADD CONSTRAINT `orders_mstr_ibfk_3` FOREIGN KEY (`OrdersStatusStatusID_MSTR`) REFERENCES `orderstatus_mstr` (`OrderStatusID_MSTR`),
  ADD CONSTRAINT `orders_mstr_ibfk_4` FOREIGN KEY (`OrdersUserTypeID_MSTR`) REFERENCES `usertype_mstr` (`UserTypeID_MSTR`);

--
-- Megkötések a táblához `password_mstr`
--
ALTER TABLE `password_mstr`
  ADD CONSTRAINT `password_mstr_ibfk_1` FOREIGN KEY (`PasswordUserID_MSTR`) REFERENCES `user_mstr` (`UserID_MSTR`);

--
-- Megkötések a táblához `secondhand_mstr`
--
ALTER TABLE `secondhand_mstr`
  ADD CONSTRAINT `secondhand_mstr_ibfk_1` FOREIGN KEY (`SecondHandStateID_MSTR`) REFERENCES `secondhandstate_mstr` (`SecondHandStateID_MSTR`),
  ADD CONSTRAINT `secondhand_mstr_ibfk_2` FOREIGN KEY (`SecondHandManufacturerID_MSTR`) REFERENCES `motomanufacturer_mstr` (`MotoManufacturerID_MSTR`),
  ADD CONSTRAINT `secondhand_mstr_ibfk_3` FOREIGN KEY (`SecondHandUserID_MSTR`) REFERENCES `user_mstr` (`UserID_MSTR`);

--
-- Megkötések a táblához `shoppingcart_det`
--
ALTER TABLE `shoppingcart_det`
  ADD CONSTRAINT `shoppingcart_det_ibfk_1` FOREIGN KEY (`ShoppingCartMSTRID_DET`) REFERENCES `shoppingcart_mstr` (`ShoppingCartID_MSTR`),
  ADD CONSTRAINT `shoppingcart_det_ibfk_2` FOREIGN KEY (`ShoppingCartMotoPartsID_DET`) REFERENCES `motoparts_mstr` (`MotoPartsID_MSTR`);

--
-- Megkötések a táblához `shoppingcart_mstr`
--
ALTER TABLE `shoppingcart_mstr`
  ADD CONSTRAINT `shoppingcart_mstr_ibfk_2` FOREIGN KEY (`ShoppingCartStatusID_MSTR`) REFERENCES `orderstatus_mstr` (`OrderStatusID_MSTR`);

--
-- Megkötések a táblához `user_det`
--
ALTER TABLE `user_det`
  ADD CONSTRAINT `user_det_ibfk_1` FOREIGN KEY (`UserMSTRID_DET`) REFERENCES `user_mstr` (`UserID_MSTR`),
  ADD CONSTRAINT `user_det_ibfk_2` FOREIGN KEY (`UserGenderID_DET`) REFERENCES `gender_mstr` (`GenderID_MSTR`),
  ADD CONSTRAINT `user_det_ibfk_3` FOREIGN KEY (`UserCountryID_DET`) REFERENCES `countries_mstr` (`CountriesID_MSTR`);

--
-- Megkötések a táblához `user_mstr`
--
ALTER TABLE `user_mstr`
  ADD CONSTRAINT `user_mstr_ibfk_1` FOREIGN KEY (`UserTypeID_MSTR`) REFERENCES `usertype_mstr` (`UserTypeID_MSTR`),
  ADD CONSTRAINT `user_mstr_ibfk_2` FOREIGN KEY (`UserFlagID_MSTR`) REFERENCES `flag_mstr` (`FlagID_MSTR`);
COMMIT;

/*!40101 SET CHARACTER_SET_CLIENT=@OLD_CHARACTER_SET_CLIENT */;
/*!40101 SET CHARACTER_SET_RESULTS=@OLD_CHARACTER_SET_RESULTS */;
/*!40101 SET COLLATION_CONNECTION=@OLD_COLLATION_CONNECTION */;
